title,company,location,city,state,zip_code,date_posted,salary,description,url,apply_url,scraped_at,source_site,job_board_type,setting_type,job_type
Infection Preventionist / Staff Development Nurse,RydersHealth,"Chester, Newington and Windham, Connecticut",,CT,,,,,,,2025-07-22T14:48:36.364304,RydersHealth,apploi,snf,Full Time
RN Supervisor (night shift),RydersHealth,"Windham, Connecticut",,CT,,,,,,,2025-07-22T14:48:38.387902,RydersHealth,apploi,snf,Part Time
Dietary Aide,RydersHealth,"Mystic, Connecticut",,CT,,,,,,,2025-07-22T14:48:41.214767,RydersHealth,apploi,snf,Full Time
RN/LPN,RydersHealth,"Mystic, CT",,CT,,,,,,,2025-07-22T14:48:42.379159,RydersHealth,apploi,snf,Full Time
MDS Reimbursement Manager,RydersHealth,"Stratford, Connecticut",,CT,,,,,,,2025-07-22T14:48:44.108503,RydersHealth,apploi,snf,Full Time
Front Desk Receptionist,RydersHealth,"Newington, Connecticut",,CT,,,,,,,2025-07-22T14:48:45.261207,RydersHealth,apploi,snf,Part Time
Occupational Therapist,RydersHealth,"Mystic, Connecticut",,CT,,,,,,,2025-07-22T14:48:46.876001,RydersHealth,apploi,snf,Per Diem
Speech Language Pathologist,RydersHealth,"Waterford, Windham",,CT,,,,,,,2025-07-22T14:48:48.073176,RydersHealth,apploi,snf,Per Diem
Physical Therapist,RydersHealth,"Waterford, Connecticut",,CT,,,,,,,2025-07-22T14:48:49.301585,RydersHealth,apploi,snf,Part Time
Physical Therapy Assistant,RydersHealth,"Waterford, Windham, Stratford, Connecticut",,CT,,,,,,,2025-07-22T14:48:50.471679,RydersHealth,apploi,snf,Part Time
CNA,RydersHealth,"Waterbury, CT",,CT,,,,,,,2025-07-22T14:48:52.102697,RydersHealth,apploi,snf,Full Time
RN / LPN,RydersHealth,"Waterbury, CT",,CT,,,,,,,2025-07-22T14:48:54.329966,RydersHealth,apploi,snf,Full Time
Rehabilitation Aide,RydersHealth,"Chester, CT",,CT,,,,,,,2025-07-22T14:48:55.493791,RydersHealth,apploi,snf,Part Time
LPN Wing Nurse,RydersHealth,"Waterford, CT",,CT,,,,,,,2025-07-22T14:48:57.897374,RydersHealth,apploi,snf,Full Time
Housekeeper,RydersHealth,"Chester, CT",,CT,,,,,,,2025-07-22T14:49:02.684335,RydersHealth,apploi,snf,Per Diem
Cook,RydersHealth,"Newington, CT",,CT,,,,,,,2025-07-22T14:49:03.923036,RydersHealth,apploi,snf,Full Time
LPN Per Diem,New Haven Center for Nursing & Rehab,"New Haven, CT 6511",New Haven,CT,6511,,,"New Haven Center for Nursing and Rehabilitation, part of Essential Care, is located in a beautiful North End of New Haven minutes from I91 and I95, on the North Haven and North Branford town line. We are also in the process of building a state of art facility with 150 private rooms to replace our current location. The new building should be complete in approximately 2 years. Come join the team as we transition into the new facility and be part of something special. 
We are looking for a dynamic LPN to work with our newly hired DNS, ADNS, and experienced nursing team. This is a per diem position. The right candidate will lead their shift to ensure top quality resident care and customer service. The right candidate must be a great communicator and communicate with staff and management alike.
 
We just completed our Annual Survey and had minimal deficiencies and no significant findings. We are also back in compliance.
 
 
 
 
 
 
 
 ",https://jobs.apploi.com/view/944879?utm_campaign=jobs_snippet&utm_source=new-haven-nh-career-page&utm_medium=client-web-site&utm_term=josh-reiss&_=1753195749.0807,,2025-07-22T14:49:19.725313,New Haven Center for Nursing & Rehab,apploi,snf,
"LPN: Graduate Nurses Accepted, Full Time, Per Diem, Weekends (all shifts): 7-3, 3-11, 11-7",Southport Center for Nursing & Rehab,"Southport, CT 6890",Southport,CT,6890,,,"Are you a compassionate and dedicated Licensed Practical Nurse (LPN) looking for a rewarding opportunity? Southport Center for Nursing and Rehabilitation is excited to welcome new team members to provide exceptional care to our residents.
Position Details:

Position Type: Full Time, Per Diem, Weekends (all shifts):  7-3, 3-11, 11-7
Experience: Preferred, but we are happy to train motivated individuals eager to learn and grow in their nursing career.

What You’ll Need:

A current and valid LPN license in good standing.
A passion for providing quality care and supporting residents’ well-being.
A positive attitude and willingness to be a team player.

Why Southport?

Be part of a supportive, dynamic team dedicated to making a difference in residents' lives.
Gain valuable experience and grow your nursing skills in a welcoming environment.
Flexible scheduling.
",https://jobs.apploi.com/view/743665?utm_campaign=jobs_snippet&utm_source=southport-nh-career-page&utm_medium=client-web-site&utm_term=josh-reiss&_=1753195780.5006742,,2025-07-22T14:49:50.933170,Southport Center for Nursing & Rehab,apploi,snf,
Speech Language Pathologist CF or SLP/CCC,Torrington Center for Nursing & Reha,"Torrington, CT 6790",Torrington,CT,6790,,,"Torrington Center for Nursing and Rehab and Waterbury Center for Nursing and Rehab is currently seeking a Full Time, Part Time or PRN Speech Language Pathologist (SLP)CCC. CFY welcome to apply! to join their IN-HOUSE team in Torrington, CT and Waterbury Center, CT Great opportunity to join a progressive therapy team. We place high importance on attracting dynamic healthcare professionals who share a philosophy of quality patient/clinical care in a welcoming, respectful, and cohesive team environment.

This is a split position between two centers.  ( Waterbury/Torrington) 

Duties Include:

Evaluate Residents conditions for swallowing or cognitive deficits
Help Residents in their goals to improve Cognition or Swallowing
Education for Residents and Caregivers
Provide skilled, medically necessary speech and language therapy assessments as well as develop and implement individualized treatment plans to increase client’s independence and functioning
Provide augmentative and alternative communication (AAC) systems for individuals with severe expressive and/or language comprehension disorders
Provide training and education to client, family, caregivers and other professionals as a subject matter expert
Coordinate and collaborate with other professionals for diagnostic swallowing procedures (MBSS, FEES) as ordered by physician
Demonstrate competent technical skills according to current Speech Therapy standards of practice
Communicate changes in resident’s condition
Provide accurate and timely billing records and supporting clinical documentation
Respond to family requests and concerns timely
Coordinate and provide training with Restorative Nursing and other Care staff
Assure resident abuse or neglect does not occur
Observe confidentiality and safeguards for all patient information
Complies with federal, state, and local legal and professional requirements

Career Advantages

Rare in-house opportunity- NOT CONTRACTED
Practice in an environment built on integrity and progressive, ethical care
Electronic documentation system
Work collaboratively with a supportive team of therapists and nursing staff
Comprehensive benefits package

The rehab team is strategically designed with growth, opportunity, and career enrichment in mind! We believe our commitment to compassionate care, innovative solutions, patient-focused programs, and a reward-for-results culture will enrich the lives of patients and employees alike. Don’t wait to start making a difference – the change begins today.
All inquiries will be held confidential
AA/EEO/M/F/D/V
 
 
 
 
 
 
 
 
 ",https://jobs.apploi.com/view/1113665?utm_campaign=jobs_snippet&utm_source=torrington-nh-career-page&utm_medium=client-web-site&utm_term=josh-reiss&_=1753195809.2326577,,2025-07-22T14:50:19.622897,Torrington Center for Nursing & Reha,apploi,snf,
MDS Coordinator (remote),Waterbury Center for Nursing & Rehab,"Waterbury, CT 6702",Waterbury,CT,6702,,,"Waterbury Center for Nursing and Rehabilitation is seeking a remote part time MDS Cordinator to join out team. Must be located in CT.
The primary purpose of this position is to plan, organize and direct the MDS department and process in accordance with federal and state guidelines and regulations that govern the center. The successful candidate will be a Registered Nurse in Connecticut with MDS experience and an unemcumbered licesnes to practice.  We are seeking a candidate who will excel in working with OBRA assessments, Medicare PDPM and Case Mix Index.   
The candidate must be knowledgeable of nursing and medical practices and procedures, as well as laws, regulations and guidelines that pertain to long term care.  In addition, the candidate must possess leadership and supervisory ability and willingness to work harmoniously with professional and line staff.
CT licensed Lpn or RN ",https://jobs.apploi.com/view/743300?utm_campaign=jobs_snippet&utm_source=waterbury-nh-career-page&utm_medium=client-web-site&utm_term=josh-reiss&_=1753195837.5648503,,2025-07-22T14:50:47.980356,Waterbury Center for Nursing & Rehab,apploi,snf,
Recreation Director,West Haven Center for Nursing & Reha,"West Haven, CT 6516",West Haven,CT,6516,,,"West Haven Center for Nursing and Rehabilitation is seeking a Therapeutic Recreation Director to join its team. 
Job Duties include:

Plans and manages a comprehensive facility wide therapeutic recreation program.
Ensures activities are being done on a daily basis.
Conducting patient programs in areas of social interaction, theater, games, crafts and music.
Communicates results of patient care to necessary parties.

Experience in long term care is preferred. ",https://jobs.apploi.com/view/778916?utm_campaign=jobs_snippet&utm_source=west-haven-nh-career-page&utm_medium=client-web-site&utm_term=josh-reiss&_=1753195866.1633582,,2025-07-22T14:51:16.842682,West Haven Center for Nursing & Reha,apploi,snf,
Receptionist Evenings 4 to 8 and every other weekend 9 to 5,Atlas Healthcare,,,CT,,,,"RECEPTIONIST
Come join our growing team at Shrewsbury Rehabilitation and Nursing. For those who are motivated and enjoy working in a caring environment, we have a full-time opportunity for a Activity Assistant. 
Position Summary:
The receptionist is responsible for operation of the switchboard and paging system. The receptionist is the first impression upon entering the building. Responsible to greet and screen all vistors upon entering. 
Education, Experience, and Licensure Requirements:
• Must be a high school graduate or equivalent
• Prior experience with geriatrics preferred
Job Requirements:
• Must possess the ability to make independent decisions when circumstances warrant such action
• Maintains professional working relationships with all employees, vendors, etc.
• Maintains confidentiality of all proprietary and/or confidential information
• Must understand and follow company policies including harassment and compliance procedures
• Must exhibit excellent customer service and a positive attitude towards patients and visitors
• Must be able to assist in the evacuation of patients
• Must demonstrate dependable, regular attendance
• Must be able to concentrate and use reasoning skills and good judgment
• Must be able to communicate and function productively on an interdisciplinary team
• Must be able to sit, stand, bend, lift, push, pull, stoop, walk, reach, and move intermittently during working hours
• Must be able to read, write, speak, and understand the English language
 ",https://jobs.apploi.com/view/1539873?utm_campaign=jobs_snippet&utm_source=Atlas_Healthcare-career-page&utm_medium=client-web-site&utm_term=apploi-snippet&_=1753195894.4758127,,2025-07-22T14:51:57.332715,Atlas Healthcare,apploi,snf,
Food Service Director,iCare Health Network,,,CT,,,,"The primary role of Food Service Director is to supervise a team of Dietary staff and direct the overall operation of the Dietary Department in accordance with current federal, state, and local standards, guidelines and regulations and assures that quality nutritional services are provided on a daily basis.
 
Responsibilities: 
•Manages all Dietary staff and ensures accountability to all standards.
•Ensures that healthy and nutritious food selections are available to all residents.
•Ensures that all food handling precautions are adhered to at all times.
•Responsible for providing training and development to all Dietary staff such as meal planning, meal preparation, and sanitary/ cleanliness.
•Plans and manages creative menus and variety of meal choices.
•Ensures the kitchen is properly stocked with food, supplies, and equipment.
•Operates kitchen in a clean, safe, and sanitary manner.
 
Qualifications:
Must have experience in preparing meals, putting menus together, meeting food safety regulations and providing nutritional information.
Must have degree in dietetics or food service management or related field.
Must have working knowledge (experience preferred) with various software programs such as WORD, OUTLOOK and EXCEL. Must be able to manage multiple projects and work with all disciplines in a challenging multi-cultural environment.
Must be knowledgeable of Quality Assurance/Improvement process as well as state/federal regulations and surveys.
Must be highly organized, energetic, and motivated. Must possess good written and verbal communication skills and be able to supervise a staff of assistants. Must be able to speak and write the English language.
This position requires 3 years’ experience in an industry including supervision of staff.
Must have successfully completed a ServeSafe certification program.
 
Compensation & Benefits
• Generous salary, commensurate with experience
• Benefits program, includes health, dental, and vision insurance
• Paid Time Off, including vacation, personal, and sick time
• 401(k) Retirement program
• Short and Long-term disability insurance
• Collaborative work environment
 
 
 
INDLP",https://jobs.apploi.com/view/1334674?utm_campaign=jobs_snippet&utm_source=iCare_Health_Network-career-page&utm_medium=client-web-site&utm_term=josh-reiss&_=1753196090.5920377,,2025-07-22T14:55:09.644307,iCare Health Network,apploi,snf,
Resident Care Coordinator Assistant (RCCA),Athena Health Care Systems,,,CT,,,,"We are hiring a full-time Resident Care Coordinator Assistant (RCCA) to join our dynamic care team at Southbridge Rehabilitation & Health Care Center!1p-9p shift with weekly pay.Working with our team and residents will give you purpose in your professional and personal life.Here at Athena Health Care Systems, our employees are the heart of our organization, and we take immense pride in their dedication. We are not only committed to delivering high-quality care and customer service to our residents and their families, but we also aspire to be the employer of choice. We strive to create a workplace where your skills and talents are nurtured to allow you to grow within the company. As a Resident Care Coordinator Assistant, you will assist the Resident Care Coordinator in the day-to-day activities of the Resident Assessment Process.Experience & Education:Previous experience with the MDS process is preferred.Active and unencumbered Certified Nursing Assistant (CNA) license and experience is required.Knowledge of medical terminology, filing, typing, computer, and organizational skills.A high school diploma or its equivalent.Duties & Responsibilities:Assists with monitoring of ADL Flow Sheets with observation of ADLs to ensure accuracy of coding.Provides education to CNAs on ADL coding.Maintains tracking form to evaluate progress of CNAs who have been identified as needing on-going education and provides the information to the RCC/MDS Director so that he/she can follow up.Enters demographic information into Minimum Data Sheet (MDS) software system.Completes discharge and re-entry MDS forms.Schedules resident care plan meetings and sending out invitations to family members.Coordinates teleconference meetings with family members, if requested.Schedules OBRA MDS for all LTC residents.Follows up with interdisciplinary team members on non-completed sections of MDS.Retrieves/Prints and faxes medical records to managed care companies for utilization review purposes.Transmits MDSs to the State database.Prints and files MDS, CAAs and care plans.Retrieves QM reports and emails to facility and Athena staff.Reproduces care plans that have been edited by interdisciplinary team members.Tracks and schedules all Medicare certifications and recertification.Mails and tracks all Medicare denial letters.Retrieves/prints and faxes medical records to QIO for any requested appeals.Assists with compiling medical records and preparing for submission with subsequent level appeals to QIC, ALJ, etc.Specific Requirements:Must be able to read, write, speak, and understand the English language.Must posses the ability to make independent decisions when circumstances warrant such action.Must posses the ability to deal tactfully with personnel, residents, family members, visitors, and the general public.Must posses the ability to seek out new methods and principles and be willing to incorporate them into existing practices.About Athena Health Care Systems:Since its establishment in 1984, Athena Health Care Systems has pioneered the delivery of exceptional healthcare services. Operating nursing homes and hospice agencies across Connecticut, Massachusetts, and Rhode Island, Athena stands out as a healthcare leader in Southern New England.Athena’s Benefits:Competitive and Weekly PayHoliday Pay for Hourly and Salaried EmployeesOvertime Pay for Hourly EmployeesCareer Advancement OpportunitiesExclusive Employer Discount ProgramAvailable for Eligible Team Members:Employer-Paid Life Insurance401(k) with Employer MatchVacation and Personal TimeHealth, Dental, and Vision InsuranceWe are an equal opportunity employer that values diversity at all levels. All individuals, regardless of personal characteristics, are encouraged to apply. Athena Health Care Systems and its managed facilities/agencies follow federal and state mandatory guidelines regarding staff vaccinations; our vaccination policy requires all newly hired staff, regardless of position or work location, to be fully vaccinated against COVID-19 unless they receive an approved exemption from Athena, except where prohibited by state law.",https://jobs.apploi.com/view/1337184?utm_campaign=jobs_snippet&utm_source=athena-health-care-associates-career-page&utm_medium=client-web-site&utm_term=apploi-snippet&_=1753196157.1887867,,2025-07-22T14:56:08.383730,Athena Health Care Systems,apploi,mixed,
Jobs at Apple Rehab,Apple Rehab,,,CT,,,,,,,2025-07-22T14:58:57.701661,Apple Rehab,apploi,snf,
Cook,Complete Care at Glendale Center LLC,"Naugatuck, CT 6770",Naugatuck,CT,6770,,,"Cook

PRN/Per Diem Position Available
Varied Schedule: Day Shift (5:30-1:30) and Evening Shift (11:30-7:30) Available
Every Other Weekend Requirement 
Pay Rate: Starts at $20.00
Eligible for Shift Differential Pay 

Complete Care at Glendale is located at 4 Hazel Ave in Naugatuck, CT.  We approach every day with one goal: To improve the lives we touch through high-quality healthcare and extraordinary compassion. Now Hiring: Cook.
Why work for us?

You will have the opportunity to build a career with an established, highly successful organization in a caring and compassionate environment and utilize all your nursing skills daily.
You will develop deep personal relationships with patients and their families.
We are committed to your growth and success- that is why we offer an excellent orientation, training, and development programs.
Receive a competitive salary and benefits package.

Now Hiring: Cook
Responsibilities:

Prepare food according to selected menus and approved recipes.
Complete the preparation of all food items in a timely manner and assure that all foods meet required serving temperatures.
Comply with health, sanitation, safety, and food handling standards.
Adhere to quality and cost containment standards.

Qualifications:

At least one year experience working in a Skilled Nursing Facility dietary setting.
Excellent customer service, communication skills, and the ability to multitask.
Ability to operate institutional kitchen equipment.
SERVSAFE certification preferred
Knowledge of quantity cooking.  

Now Hiring: Per Diem Cook
Complete Care at Glendale is an equal opportunity employer. 
 
#LI-GM1
52025
 ",https://jobs.apploi.com/view/1531492?utm_campaign=jobs_snippet&utm_source=completecareglendale-career-page&utm_medium=client-web-site&utm_term=josh-reiss&_=1753196345.6349063,,2025-07-22T14:59:29.258339,Complete Care at Glendale Center LLC,apploi,snf,
Director of Social Services,Fox Hill,"Vernon, CT 6066",Vernon,CT,6066,,,"Director of Social Services

Full Time
Monday - Friday
Manager On Duty Rotation
LSW Required (minimum)

Complete Care at Fox Hill is a pillar in the community of Vernon, CT.  We approach every day with one goal:  To improve the lives we touch through high-quality healthcare and extraordinary compassion.
Why work for us?

You will have the opportunity to build a career with an established, highly successful organization in a caring and compassionate environment.
We are committed to your growth and success.
Come join employees who have become family!
Work today, get paid today!  Complete Care has partnered with DailyPay, a voluntary benefit to offer employees access to their pay on their own schedule.

Now Hiring: Director of Social Work
Responsibilities Director of Social Work:

Identifies cognitive impairments, mood problems and other psycho-social needs in residents.
Maintain accurate, thorough, and timely documentation.
Review Advanced Directives and provide education to residents and family members as needed.
Help provide a smooth admission and discharge process for residents and family members.
Other duties as assigned by Administrator.

Qualifications Director of Social Work:

Prior experience managing staff is preferred.
Ability to work independently or part of a group.
Computer knowledge.
Previous long term care experience is preferred but not required

License:

Must have active LSW or CSW license.

Now Hiring: Director of Social Work
Complete Care at Fox Hill is an equal opportunity employer.
 
#LI-GM1
#CC2024
71524
 
 
 
 
 ",https://jobs.apploi.com/view/1562740?utm_campaign=jobs_snippet&utm_source=complete-care-fox-hill-career-page&utm_medium=client-web-site&utm_term=apploi-snippet&_=1753196387.5753963,,2025-07-22T15:00:09.595774,Fox Hill,apploi,snf,
Admissions Director,Complete Care at Groton Regency LLC,"Groton, CT 6340",Groton,CT,6340,,,"Admissions Director

Full Time
Day Shift
Long Term Care Experience Preferred

Complete Care at Groton a pillar in the community of Groton, CT.  We approach every day with one goal:  To improve the lives we touch through high-quality healthcare and extraordinary compassion. 
Why work for us?

You will have the opportunity to build a career with an established, highly successful organization in a caring and compassionate environment.
We are committed to your growth and success.
Come join employees who have become family!
Work today, get paid today!  Complete Care has partnered with DailyPay, a voluntary benefit to offer employees access to their pay on their own schedule.

Now Hiring: Admissions Director
Responsibilities of Admissions Director:

         Responsible for managing, planning, and organizing the admission process
         Apply sales and marketing principles when interacting with healthcare professionals including, but not limited to hospitals, home health agencies, case managers, area nursing homes, physicians in private practice for purposes of generating referrals.
        Provide daily updates to the facility and support team
         Conduct facility tours for potential admissions
         Welcome guest and family upon admission
         Other duties as assigned by supervisor

Qualifications of Admissions Director:

         Completion of an Associates or Bachelor’s degree from an accredited college or university with course work in sales, marketing, business administration, social services or related area or work experience.
         Prior sales and marketing experience

Complete Care at Groton is an equal opportunity employer.
#LI-GM1
71825
 
 
 
 
 
 ",https://jobs.apploi.com/view/1565270?utm_campaign=jobs_snippet&utm_source=completecaregrotonregency-career-page&utm_medium=client-web-site&utm_term=apploi-snippet&_=1753196431.1832583,,2025-07-22T15:01:01.485688,Complete Care at Groton Regency LLC,apploi,snf,
RN Nursing Supervisor,Complete Care at Harrington Court LL,"Colchester, CT 6415",Colchester,CT,6415,,,"RN Nursing Supervisor 

Full Time 3p-11p 

Monday-Friday
On Call Rotation
Travel/Contract RN's Considered

Reciprocity Assistance Available






16 Hour 11p-7a Shift

Tuesday and Wednesday one week, Wednesday and Thursday the next week
No Weekend Requirement




Part Time 7a-3pm 

Every Other Saturday/Sunday
No On Call




RN Supervisor Experience Required
Long Term Care Experience Required

Complete Care at Harrington Court is located at 59 Harrington Court in Colchester, CT.  We approach every day with one goal: To improve the lives we touch through high-quality healthcare and extraordinary compassion. Now Hiring: RN Nursing Supervisor Registered Nurse
Why work for us?

You will have the opportunity to build a career with an established, highly successful organization in a caring and compassionate environment and utilize all your nursing skills daily.
You will develop deep personal relationships with patients and their families.
We are committed to your growth and success- that is why we offer an excellent orientation, training, and development programs.
Receive a competitive salary and benefits package.

Now Hiring: RN Nursing Supervisor Registered Nurse
Responsibilities:

Directly supervise the nursing staff on assigned shift by monitoring the distribution of medications, blood draws, and other elements of patient care.
Conduct nursing rounds on all unit multiple times throughout the shift.
Provide education, as needed, for staff, residents and resident family members.
Ensure staff perform all duties in accordance with local, state, and federal guidelines.
Other duties as assigned by Assistant Director of Nursing, Director of Nursing or Administrator.

Qualifications:

Prior experience managing staff is preferred.
Ability to work independently or part of a group.
Understanding of complex clinical conditions
Familiarity with electronic medical records
Computer knowledge.
CPR certified
Excellent communication and decision-making skills
Previous long-term care clinical supervisory experience is required
IV Mastery Certification preferred not required

License:

Must have an Active RN Registered Nurse license for the state of Connecticut

Now Hiring: RN Nursing Supervisor Registered Nurse
Complete Care at Harrington Court is an equal opportunity employer.
#LI-GM1
#CC2024
71025
 
 ",https://jobs.apploi.com/view/1560243?utm_campaign=jobs_snippet&utm_source=completecareharringtoncourt-career-page&utm_medium=client-web-site&utm_term=apploi-snippet&_=1753196481.1174297,,2025-07-22T15:01:44.667900,Complete Care at Harrington Court LL,apploi,snf,
Dietary Aide,Complete Care at Meriden Center LLC,"Meriden, CT 6450",Meriden,CT,6450,,,"Dietary Aide
·       Casual/Per Diem Available
 
·       Monthly Weekend Requirement
 
·       Opportunities for advancement
Complete Care at Meriden is a pillar in the community of Meriden, CT.  We approach every day with one goal: To improve the lives we touch through high-quality healthcare and extraordinary compassion. Now Hiring: Dietary Aide.
Why work for us?

You will have the opportunity to build a career with an established, highly successful organization in a caring and compassionate environment.
We are committed to your growth and success.
Come join employees who have become family!
Work today, get paid today!  

Now Hiring: Dietary Aide
Shifts Available: 4pm-7pm
Dietary Aide Qualifications:
·       High School Diploma or equivalent.
·       Experience as a dietary aide in a nursing home or rehabilitation facility
·       Positive, creative, energetic individual
·       Ability to work independently or part of a group
Dietary Aide Responsibilities:
·       Assists the dietary manager and department with necessary tasks to ensure residents’ dietary needs are met
·       Prepare meals under the supervision of a cook and/or Food Service Director
·       Deliver food trucks to units at designated times
·       Discard leftovers and take out garbage
·       Clean food stations and wash dishes, cooking vessels and silverware
·       Stock ingredients and monitor inventory
·       Adheres to the facilities policies and procedures regarding the Compliance Program
·       Follow all local, state and federal regulations as they pertain to the position
Complete Care at Meriden is an equal opportunity employer.
 
31725
 
 ",https://jobs.apploi.com/view/1479683?utm_campaign=jobs_snippet&utm_source=completecaremeriden-career-page&utm_medium=client-web-site&utm_term=apploi-snippet&_=1753196526.8475447,,2025-07-22T15:02:30.702590,Complete Care at Meriden Center LLC,apploi,snf,
Business Office Manager,Kimberly Hall North,"Windsor, CT 6095",Windsor,CT,6095,,,"Business Office Manager

Full Time
Day Shift
Long Term Care Business Office Experience REQUIRED
Some Weekend Manager Requirements 

Complete Care at Kimberly Hall North is a pillar in the community of Windsor, CT.  We approach every day with one goal: To improve the lives we touch through high-quality healthcare and extraordinary compassion. Now Hiring: Business Office Manager.
Why work for us?

You will have the opportunity to build a career with an established, highly successful organization in a caring and compassionate environment.
We are committed to your growth and success.
Come join employees who have become family!

Now Hiring: Full-time Business Office Manager
Responsibilities:

Assume administrative authority, responsibility, and accountability for supervising and directing the business office.
Work with the Nursing Department and the Admissions Director to ensure correct census data is collected and maintained.
Organize and maintain all records necessary to bill Medicare, Medicaid, and private insurance.
Develop and implement auditing schedules for account receivables.
Other duties as assigned by Administrator.

Qualifications:

High School Diploma or equivalent.
Ability to work independently or part of a group.
Computer knowledge – Microsoft applications (Word, Excel, etc.) 
Knowledge of CT T-19 application/pending, and collection process.
Experience with and knowledge of AR collections, Medicaid pendings, Resident Trust.
Minimum 1-year long term care experience required.

Now Hiring: Business Office Manager
Complete Care at Kimberly Hall North is an equal opportunity employer.
 
#LI-GM1
7125
 
 ",https://jobs.apploi.com/view/1555488?utm_campaign=jobs_snippet&utm_source=complete-care-kimberly-career-page&utm_medium=client-web-site&utm_term=apploi-snippet&_=1753196573.5483923,,2025-07-22T15:03:17.389907,Kimberly Hall North,apploi,snf,
RN Registered Nurse,Kimberly Hall South Center,"Windsor, CT 6095",Windsor,CT,6095,,,"RN Registered Nurse

Per Diem/Casual Options
Opportunities for Growth

Complete Care at Kimberly Hall South is located at 1 Emerson Drive in Windsor, CT.  We approach every day with one goal: To improve the lives we touch through high-quality healthcare and extraordinary compassion. Now Hiring: Registered Nurse RN
Why work for us?

You will have the opportunity to build a career with an established, highly successful organization in a caring and compassionate environment and utilize all your nursing skills daily.
You will develop deep personal relationships with patients and their families.
We are committed to your growth and success- that is why we offer an excellent orientation, training, and development programs.
Receive a competitive salary and benefits package.

Now Hiring: RN Registered Nurse
Responsibilities:

Administer medication to residents in accordance with their care plan.
Perform treatments, as assigned per physician’s orders, within scope of practice.
Accurately report and record the resident’s condition and care including signs and symptoms which may be indicative of change.
Perform all duties in accordance with local, state, and federal guidelines.
Other duties as assigned by the Unit Manager, Director of Nursing and Administrator.

Qualifications:

Ability to work independently or part of a group.
Computer knowledge.
Previous long-term care experience is preferred but not required.

License:

Must have an active RN Registered Nurse license within the state of Connecticut

Now Hiring: RN Registered Nurse
Complete Care at Kimberly Hall South is an equal opportunity employer.
 #CC2024
#LI-GM1
71025
 ",https://jobs.apploi.com/view/1560333?utm_campaign=jobs_snippet&utm_source=complete-care-hall-south-career-page&utm_medium=client-web-site&utm_term=apploi-snippet&_=1753196615.6710668,,2025-07-22T15:03:59.174898,Kimberly Hall South Center,apploi,snf,
"There are many healthcare groups, but here you'll find family.",Autumn Lake,,,CT,,,,,,,2025-07-22T15:11:27.043493,Autumn Lake,apploi,snf,
Healthcare Hiring Event,Autumn Lake,,,CT,,,,,,,2025-07-22T15:11:28.194583,Autumn Lake,apploi,snf,
"Hiring- RN, LPN, CNA, Cook, Dietary Aides",Autumn Lake,,,CT,,,,,,,2025-07-22T15:11:28.977097,Autumn Lake,apploi,snf,
Infection Control Nurse,Autumn Lake,,,CT,,,,,,,2025-07-22T15:11:29.825768,Autumn Lake,apploi,snf,
Weekend Nurse Supervisor,Autumn Lake,,,CT,,,,,,,2025-07-22T15:11:30.666592,Autumn Lake,apploi,snf,
RN Charge Nurse,Autumn Lake,,,CT,,,,,,,2025-07-22T15:11:31.451990,Autumn Lake,apploi,snf,
Licensed Practical Nurse (LPN),Autumn Lake,,,CT,,,,,,,2025-07-22T15:11:32.240861,Autumn Lake,apploi,snf,
Registered Nurse (RN),Autumn Lake,,,CT,,,,,,,2025-07-22T15:11:33.098834,Autumn Lake,apploi,snf,
Registered Nurse (RN) Supervisor,Autumn Lake,,,CT,,,,,,,2025-07-22T15:11:33.913750,Autumn Lake,apploi,snf,
Geriatric Nurse Assistant (GNA),Autumn Lake,,,CT,,,,,,,2025-07-22T15:11:34.737101,Autumn Lake,apploi,snf,
RN/LPN Nurse Weekend Program,Autumn Lake,,,CT,,,,,,,2025-07-22T15:11:35.538884,Autumn Lake,apploi,snf,
Nurse Supervisor,Autumn Lake,,,CT,,,,,,,2025-07-22T15:11:36.314935,Autumn Lake,apploi,snf,
Registered Nurse (RN) Weekend Supervisor,Autumn Lake,,,CT,,,,,,,2025-07-22T15:11:38.747666,Autumn Lake,apploi,snf,
Geriatric Nurse Assistant (GNA) WEEKEND OPTION PROGRAM,Autumn Lake,,,CT,,,,,,,2025-07-22T15:11:39.531568,Autumn Lake,apploi,snf,
Nurse Unit Manager,Autumn Lake,,,CT,,,,,,,2025-07-22T15:11:40.306472,Autumn Lake,apploi,snf,
Administrative Clinical Nurse,Autumn Lake,,,CT,,,,,,,2025-07-22T15:11:41.138931,Autumn Lake,apploi,snf,
Weekend Nurse LPN,Autumn Lake,,,CT,,,,,,,2025-07-22T15:11:54.890967,Autumn Lake,apploi,snf,
Weekend Geriatric Nurse Assistant (GNA),Autumn Lake,,,CT,,,,,,,2025-07-22T15:11:55.652549,Autumn Lake,apploi,snf,
Licensed Practical Nurse (LPN) 7-3,Autumn Lake,,,CT,,,,,,,2025-07-22T15:11:56.590601,Autumn Lake,apploi,snf,
"Geriatric Nurse Assistant (GNA) $2,000 Sign On Bonus",Autumn Lake,,,CT,,,,,,,2025-07-22T15:12:08.863426,Autumn Lake,apploi,snf,
"Registered Nurse (RN)$3,000 Sign On Bonus",Autumn Lake,,,CT,,,,,,,2025-07-22T15:12:09.659558,Autumn Lake,apploi,snf,
RN Nurse Supervisor,Autumn Lake,,,CT,,,,,,,2025-07-22T15:12:11.173588,Autumn Lake,apploi,snf,
RN Wound Nurse,Autumn Lake,,,CT,,,,,,,2025-07-22T15:12:11.970927,Autumn Lake,apploi,snf,
Nurse Supervisor- Evenings/Weekends,Autumn Lake,,,CT,,,,,,,2025-07-22T15:12:20.097663,Autumn Lake,apploi,snf,
Registered Nurse (RN)/Licensed Practical Nurse (LPN)-Evening/Night/Weekends,Autumn Lake,,,CT,,,,,,,2025-07-22T15:12:20.873718,Autumn Lake,apploi,snf,
Nurse Aide (CNA) Entry Level,Autumn Lake,,,CT,,,,,,,2025-07-22T15:12:42.207046,Autumn Lake,apploi,snf,
Registered Nurse (RN) NEW RATES!,Autumn Lake,,,CT,,,,,,,2025-07-22T15:12:45.453893,Autumn Lake,apploi,snf,
LPN Licensed Practical Nurse 3-11 Shift,Autumn Lake,,,CT,,,,,,,2025-07-22T15:12:46.243460,Autumn Lake,apploi,snf,
Wound Nurse,Autumn Lake,,,CT,,,,,,,2025-07-22T15:12:53.514192,Autumn Lake,apploi,snf,
LPN / RN Nurse Supervisor,Autumn Lake,,,CT,,,,,,,2025-07-22T15:12:55.120409,Autumn Lake,apploi,snf,
Nurse Staff Educator,Autumn Lake,,,CT,,,,,,,2025-07-22T15:13:02.753383,Autumn Lake,apploi,snf,
Weekend Nurse,Autumn Lake,,,CT,,,,,,,2025-07-22T15:13:06.854015,Autumn Lake,apploi,snf,
Geriatric Nurse Assistant (GNA) New Rates!,Autumn Lake,,,CT,,,,,,,2025-07-22T15:13:10.248387,Autumn Lake,apploi,snf,
Licensed Practical Nurse (LPN) New Rates!,Autumn Lake,,,CT,,,,,,,2025-07-22T15:13:11.670532,Autumn Lake,apploi,snf,
Overnight Weekend Nurse Supervisor 7P-7A,Autumn Lake,,,CT,,,,,,,2025-07-22T15:13:19.956918,Autumn Lake,apploi,snf,
RN Cart Nurse,Autumn Lake,,,CT,,,,,,,2025-07-22T15:13:21.648704,Autumn Lake,apploi,snf,
Licensed Practical Nurse (LPN)/Registered Nurse (RN),Autumn Lake,,,CT,,,,,,,2025-07-22T15:13:25.862030,Autumn Lake,apploi,snf,
Evening Nurse Supervisor,Autumn Lake,,,CT,,,,,,,2025-07-22T15:13:28.330420,Autumn Lake,apploi,snf,
Certified Nursing Assistant (CNA),Autumn Lake,,,CT,,,,,,,2025-07-22T15:13:55.111721,Autumn Lake,apploi,snf,
Shower Certified Nursing Assistant (CNA),Autumn Lake,,,CT,,,,,,,2025-07-22T15:13:56.787698,Autumn Lake,apploi,snf,
"CNA / GNA Class, Free classes, No Experience Needed",Autumn Lake,,,CT,,,,,,,2025-07-22T15:14:04.535756,Autumn Lake,apploi,snf,
Certified Nursing Assistant (CNA) SIGN ON BONUS!,Autumn Lake,,,CT,,,,,,,2025-07-22T15:14:06.948623,Autumn Lake,apploi,snf,
"Certified Nursing Assistant (CNA)/GNA, Free Classes, No Experience Needed",Autumn Lake,,,CT,,,,,,,2025-07-22T15:14:07.757165,Autumn Lake,apploi,snf,
"Certified Nursing Assistant (CNA) $2,500 Sign On Bonus!!",Autumn Lake,,,CT,,,,,,,2025-07-22T15:14:09.447878,Autumn Lake,apploi,snf,
"Certified Nursing Assistant (CNA) $2,500 SIGN ON BONUS",Autumn Lake,,,CT,,,,,,,2025-07-22T15:14:11.060545,Autumn Lake,apploi,snf,
Certified Nursing Assistant (CNA) Instructor,Autumn Lake,,,CT,,,,,,,2025-07-22T15:14:12.627900,Autumn Lake,apploi,snf,
"Certified Nursing Assistant (CNA) $1,200 Sign On Bonus!",Autumn Lake,,,CT,,,,,,,2025-07-22T15:14:21.222400,Autumn Lake,apploi,snf,
Licensed Practical (LPN),Autumn Lake,,,CT,,,,,,,2025-07-22T15:14:22.829264,Autumn Lake,apploi,snf,
LPN Unit Manager,Autumn Lake,,,CT,,,,,,,2025-07-22T15:14:23.718730,Autumn Lake,apploi,snf,
Baylor RN Supervisor,Autumn Lake,,,CT,,,,,,,2025-07-22T15:14:26.405568,Autumn Lake,apploi,snf,
RN Staff Development,Autumn Lake,,,CT,,,,,,,2025-07-22T15:14:27.311401,Autumn Lake,apploi,snf,
RN Supervisor,Autumn Lake,,,CT,,,,,,,2025-07-22T15:14:28.184269,Autumn Lake,apploi,snf,
RN Unit Manager,Autumn Lake,,,CT,,,,,,,2025-07-22T15:14:28.711046,Autumn Lake,apploi,snf,
RN Weekend Evening Supervisor,Autumn Lake,,,CT,,,,,,,2025-07-22T15:14:29.591194,Autumn Lake,apploi,snf,
RN Weekend Supervisor,Autumn Lake,,,CT,,,,,,,2025-07-22T15:14:30.443844,Autumn Lake,apploi,snf,
Director of Nursing (DON),Autumn Lake,,,CT,,,,,,,2025-07-22T15:14:31.281371,Autumn Lake,apploi,snf,
Unit Secretary,Autumn Lake,,,CT,,,,,,,2025-07-22T15:14:32.165182,Autumn Lake,apploi,snf,
Unit Manager/ADON,Autumn Lake,,,CT,,,,,,,2025-07-22T15:14:32.956831,Autumn Lake,apploi,snf,
Activities Assistant,Autumn Lake,,,CT,,,,,,,2025-07-22T15:14:33.838545,Autumn Lake,apploi,snf,
Activity Director,Autumn Lake,,,CT,,,,,,,2025-07-22T15:14:34.699980,Autumn Lake,apploi,snf,
Assistant Director of Nursing (ADON),Autumn Lake,,,CT,,,,,,,2025-07-22T15:14:35.498920,Autumn Lake,apploi,snf,
RN Supervisor 11-7 Shift,Autumn Lake,,,CT,,,,,,,2025-07-22T15:14:38.919664,Autumn Lake,apploi,snf,
Maintenance Assistant,Autumn Lake,,,CT,,,,,,,2025-07-22T15:14:39.828090,Autumn Lake,apploi,snf,
Interim Unit Manager,Autumn Lake,,,CT,,,,,,,2025-07-22T15:14:40.618636,Autumn Lake,apploi,snf,
Dietary Aide,Autumn Lake,,,CT,,,,,,,2025-07-22T15:14:41.392720,Autumn Lake,apploi,snf,
Weekend Housekeeper,Autumn Lake,,,CT,,,,,,,2025-07-22T15:14:42.179771,Autumn Lake,apploi,snf,
Cook,Autumn Lake,,,CT,,,,,,,2025-07-22T15:14:42.991044,Autumn Lake,apploi,snf,
Certified Nursing Assistant Instructor (RN),Autumn Lake,,,CT,,,,,,,2025-07-22T15:14:43.834268,Autumn Lake,apploi,snf,
Receptionist,Autumn Lake,,,CT,,,,,,,2025-07-22T15:14:44.654705,Autumn Lake,apploi,snf,
RN Weekend Baylor,Autumn Lake,,,CT,,,,,,,2025-07-22T15:14:46.265830,Autumn Lake,apploi,snf,
Evening Shift RN Supervisor,Autumn Lake,,,CT,,,,,,,2025-07-22T15:14:47.959717,Autumn Lake,apploi,snf,
Weekend RN Supervisor,Autumn Lake,,,CT,,,,,,,2025-07-22T15:14:48.770493,Autumn Lake,apploi,snf,
Physical Therapist (PT),Autumn Lake,,,CT,,,,,,,2025-07-22T15:14:50.395211,Autumn Lake,apploi,snf,
Director of Rehab,Autumn Lake,,,CT,,,,,,,2025-07-22T15:14:51.168728,Autumn Lake,apploi,snf,
Occupational Therapist (OT),Autumn Lake,,,CT,,,,,,,2025-07-22T15:14:51.952417,Autumn Lake,apploi,snf,
Speech-Language Pathologist (SLP),Autumn Lake,,,CT,,,,,,,2025-07-22T15:14:52.772583,Autumn Lake,apploi,snf,
MDS Coordinator,Autumn Lake,,,CT,,,,,,,2025-07-22T15:14:53.635410,Autumn Lake,apploi,snf,
Registered Dietician,Autumn Lake,,,CT,,,,,,,2025-07-22T15:14:55.312003,Autumn Lake,apploi,snf,
RN Night Supervisor,Autumn Lake,,,CT,,,,,,,2025-07-22T15:14:56.095737,Autumn Lake,apploi,snf,
RN Evening Supervisor,Autumn Lake,,,CT,,,,,,,2025-07-22T15:14:56.886316,Autumn Lake,apploi,snf,
Respiratory Therapist,Autumn Lake,,,CT,,,,,,,2025-07-22T15:14:59.318796,Autumn Lake,apploi,snf,
RN/LPN,Autumn Lake,,,CT,,,,,,,2025-07-22T15:15:00.816011,Autumn Lake,apploi,snf,
Join the Team!,Autumn Lake,"Norwalk, Connecticut
New Britain, Connecticut
Baltimore, Maryland
Beloit, Wisconsin
Berkeley Heights, New Jersey
Newark, New Jersey
Waterbury, Connecticut
Cromwell, Connecticut
Milwaukee, Wisconsin
Silver Spring, Maryland
Dennis, New Jersey
Upper Township, New Jersey
Pikesville, Maryland
9001 Cherry Lane, Laurel MD 20708
Laurel, MD
Essex, Maryland
Frederick, Maryland
Clinton, Maryland
Catonsville, Maryland
Cambridge, Maryland
Walkersville, Maryland
Parkville, Maryland
Annapolis, Maryland
Gambrills, Maryland
Elkins, West Virginia
Crofton, Maryland
Kemp Mill, Maryland
Glen Burnie, Maryland
Laurel, Maryland
Manchester, Maryland
Burtonsville, Maryland
Rising Sun, Maryland
Sykesville, Maryland
Voorhees Township, New Jersey
Carneys Point Township, New Jersey
Carneys Point, New Jersey
Salem, New Jersey
Vineland, New Jersey
Old Bridge, New Jersey
Chevy Chase, Maryland
Towson, Maryland
Timonium, Maryland
West Hartford, Connecticut
Woodbridge, Connecticut
Madison, Connecticut
Cherry Hill, New Jersey
Danbury, Connecticut
Scotch Plains, New Jersey
Union, New Jersey
East Orange, New Jersey",,CT,,,,,,,2025-07-22T15:15:02.168469,Autumn Lake,apploi,snf,
Hospital Liaison,Autumn Lake,"Norwalk, Connecticut
New Britain, Connecticut
Baltimore, Maryland
Beloit, Wisconsin
Berkeley Heights, New Jersey
Newark, New Jersey
Waterbury, Connecticut
Cromwell, Connecticut
Milwaukee, Wisconsin
Silver Spring, Maryland
Dennis, New Jersey
Upper Township, New Jersey
Pikesville, Maryland
9001 Cherry Lane, Laurel MD 20708
Laurel, MD
Essex, Maryland
Frederick, Maryland
Clinton, Maryland
Catonsville, Maryland
Cambridge, Maryland
Walkersville, Maryland
Parkville, Maryland
Annapolis, Maryland
Gambrills, Maryland
Elkins, West Virginia
Crofton, Maryland
Kemp Mill, Maryland
Glen Burnie, Maryland
Laurel, Maryland
Manchester, Maryland
Burtonsville, Maryland
Rising Sun, Maryland
Sykesville, Maryland
Voorhees Township, New Jersey
Carneys Point Township, New Jersey
Carneys Point, New Jersey
Salem, New Jersey
Vineland, New Jersey
Old Bridge, New Jersey
Chevy Chase, Maryland
Towson, Maryland
Timonium, Maryland
West Hartford, Connecticut
Woodbridge, Connecticut
Madison, Connecticut
Cherry Hill, New Jersey
Danbury, Connecticut
Scotch Plains, New Jersey
Union, New Jersey
East Orange, New Jersey",,CT,,,,,,,2025-07-22T15:15:03.569475,Autumn Lake,apploi,snf,
RN,Autumn Lake,,,CT,,,,,,,2025-07-22T15:16:21.406852,Autumn Lake,apploi,snf,
Autumn Lake Healthcare at Glen Burnie,Autumn Lake,,,CT,,,,,,,2025-07-22T15:18:06.334666,Autumn Lake,apploi,snf,
Autumn Lake Healthcare at Baltimore Washington,Autumn Lake,,,CT,,,,,,,2025-07-22T15:18:25.663497,Autumn Lake,apploi,snf,
Autumn Lake Healthcare at Memorial Bridge,Autumn Lake,,,CT,,,,,,,2025-07-22T15:19:20.648142,Autumn Lake,apploi,snf,
Autumn Lake Healthcare at Southgate,Autumn Lake,,,CT,,,,,,,2025-07-22T15:19:41.681419,Autumn Lake,apploi,snf,
Cornell Care & Rehabilitation Center managed by Autumn Lake Healthcare at Union,Autumn Lake,,,CT,,,,,,,2025-07-22T15:20:56.726773,Autumn Lake,apploi,snf,
Careers,Autumn Lake Bucks Hill,"Cromwell, CT 6416",Cromwell,CT,6416,,,,,,2025-07-22T15:21:54.990484,Autumn Lake Bucks Hill,apploi,snf,
Baylor RN Supervisor,Autumn Lake Bucks Hill,"Cromwell, CT 6416",Cromwell,CT,6416,,,,,,2025-07-22T15:21:55.918737,Autumn Lake Bucks Hill,apploi,snf,
Join the Bucks Hill family,Autumn Lake Bucks Hill,"Cromwell, CT 6416",Cromwell,CT,6416,,,,,,2025-07-22T15:22:01.069718,Autumn Lake Bucks Hill,apploi,snf,
Licensed Practical Nurse (LPN),Autumn Lake Bucks Hill,"Cromwell, CT 6416",Cromwell,CT,6416,,,,,,2025-07-22T15:22:05.183104,Autumn Lake Bucks Hill,apploi,snf,
Careers,Autumn Lake Cromwell,"Waterbury, CT 6704",Waterbury,CT,6704,,,,,,2025-07-22T15:22:40.536847,Autumn Lake Cromwell,apploi,snf,
Medical Records,Autumn Lake Cromwell,"Waterbury, CT 6704",Waterbury,CT,6704,,,,,,2025-07-22T15:22:41.452822,Autumn Lake Cromwell,apploi,snf,
Join the Cromwell family,Autumn Lake Cromwell,"Waterbury, CT 6704",Waterbury,CT,6704,,,,,,2025-07-22T15:22:46.216456,Autumn Lake Cromwell,apploi,snf,
RN Staff Development,Autumn Lake Cromwell,"Waterbury, CT 6704",Waterbury,CT,6704,,,,,,2025-07-22T15:22:48.410282,Autumn Lake Cromwell,apploi,snf,
Registered Nurse (RN) Supervisor,Autumn Lake Cromwell,"Waterbury, CT 6704",Waterbury,CT,6704,,,,,,2025-07-22T15:22:49.805450,Autumn Lake Cromwell,apploi,snf,
RN Charge Nurse,Autumn Lake Cromwell,"Waterbury, CT 6704",Waterbury,CT,6704,,,,,,2025-07-22T15:22:52.094997,Autumn Lake Cromwell,apploi,snf,
Licensed Practical Nurse (LPN),Autumn Lake Cromwell,"Waterbury, CT 6704",Waterbury,CT,6704,,,,,,2025-07-22T15:22:53.564362,Autumn Lake Cromwell,apploi,snf,
Certified Nursing Assistant (CNA),Autumn Lake Cromwell,"Waterbury, CT 6704",Waterbury,CT,6704,,,,,,2025-07-22T15:22:55.775200,Autumn Lake Cromwell,apploi,snf,
Careers,Autumn Lake New Britain,"New Britain, CT 6051",New Britain,CT,6051,,,,,,2025-07-22T15:23:29.551456,Autumn Lake New Britain,apploi,snf,
Maintenance Worker,Autumn Lake New Britain,"New Britain, CT 6051",New Britain,CT,6051,,,,,,2025-07-22T15:23:30.419595,Autumn Lake New Britain,apploi,snf,
Join the New Britain family,Autumn Lake New Britain,"New Britain, CT 6051",New Britain,CT,6051,,,,,,2025-07-22T15:23:35.423392,Autumn Lake New Britain,apploi,snf,
Certified Nursing Assistant (CNA),Autumn Lake New Britain,"New Britain, CT 6051",New Britain,CT,6051,,,,,,2025-07-22T15:23:37.603173,Autumn Lake New Britain,apploi,snf,
Registered Nurse (RN) Supervisor,Autumn Lake New Britain,"New Britain, CT 6051",New Britain,CT,6051,,,,,,2025-07-22T15:23:39.920383,Autumn Lake New Britain,apploi,snf,
Licensed Practical Nurse (LPN) | Evening Shift (3p-11p) | Union 1199 Part-time Position,Advanced Center for Nursing & Rehabilitation,"New Haven, CT 6511",New Haven,CT,6511,,,"JOB: LPN
 
Advanced Center for Nursing and Rehab is actively hiring Licensed Practical Nurse (LPN), for the evening shift, 3pm-11pm part-time for our Skilled Nursing Facility in the New Haven area of CT. Part-time employees can pick up additional shifts if they become avaialable.  
 
 
DUTIES:
 

Order prescribed medications, supplies, and equipment as needed 
Record health details of residents; including vitals & temperature
Carry out direct care to residents based on the care plan in accordance with the residents needs, nursing procedures, facility policy, and nursing standards of practice
Administering medications and treatments to residents as needed
Supervise Certified Nursing Assistants
Perform assigned duties including wound care, treatments, and procedures
Accurately document observations, interventions, and evaluations pertaining to resident
Maintain confidentiality and rights of residents, family members, employees, and facility information in compliance with HIPAA policies

 
 
 
REQUIREMENTS:
 

Valid CT State LPN license
Excellent leadership and communication skills
Long term care experience preferred

 
 
 
BENEFITS:
 

Competitive pay rate and benefits
Weekly pay 
Direct Deposit
Great working environment 

 
 
 
ABOUT US:
 
Advanced Center for Nursing and Rehab is a 226-bed skilled nursing and rehabilitation facility situated in New Haven, Connecticut. We are located right in the heart of New Haven County, in close proximity to Yale New Haven Hospitals. Our size enables a warm, nurturing environment, which allows each resident to maintain his or her individuality. Advanced Center for Nursing and Rehab staff is committed to ensuring the highest quality of care for all our residents, by maintaining each resident’s dignity and independence.
 
 
 
 
 
 ",https://jobs.apploi.com/view/710061?utm_campaign=jobs_snippet&utm_source=advancedrehab-career-page&utm_medium=client-web-site&utm_term=josh-reiss&_=1753197825.9302628,,2025-07-22T15:24:07.883253,Advanced Center for Nursing & Rehabilitation,apploi,snf,
Staff Development,Amberwoods of Farmington,"Farmington, CT 6032",Farmington,CT,6032,,,"Amberwoods of Farmington looking for an experienced Staff Development Coordinator to join our team!
24 Hours Flexible Schedule
We value our employees and support job enthusiasm and positive relationships.
We offer Competitive wages and an excellent benefit package which includes:
· Paid time off
· 401 k
Amberwoods is a 130-bed newly renovated, progressive facility providing long-term skilled nursing, short-term rehabilitation and Memory Care services, located in Farmington, CT. Our facility is conveniently located within proximity to I-84 and is a ten-minute drive to downtown Hartford.
The role of the Director of Staff Development is critical to the success of our employees. This is an exciting opportunity for a candidate with the ability to engage and inspire our employees to excel in providing safe and effective quality care. Candidate must be a licensed Registered Nurse in the State of Connecticut with previous experience in the provision of educational guidance and clinical support in a health care setting.
Responsibilities

Conduct general orientation and mandatory in-service programs in accordance with regulatory requirements
Provide continuing education to help employees identify strategies that can improve critical thinking, interpersonal and technical skills
Perform competency skills to assess safety training in the workplace
Evaluate competencies and determine what training, support and resources are necessary for individual success
Determine and assess facility educational needs
Evaluate and monitor transition from orientation to ensure quality resident care in conjunction with the facility’s philosophy and core objectives
Assist and coach employees through knowledge, skill and encouragement
Apply strategies and teaching modules that foster critical thinking and facilitate a team approach to resident care
Communicate areas of concern with the Administrator/DNS
Create optimal employee relations necessary to motivate, recruit and maintain staff retention levels

Qualifications

Current State of Connecticut Registered Nurse License
Proficient knowledge of CMS and state regulations in order to promote best practices in education and training
2 years of clinical managerial nursing experience
Ability to effectively communicate with nursing personnel in a health care setting
Excellent computer skills, including experience with EMR's
Highly effective as a team leader and motivator
Detail-oriented with solid organizational skills
Ability to work flexible hours, when necessary
Ability to communicate effectively with both a diverse clientele and workforce through sound business decisions, diplomacy and discretion

We are an equal opportunity employer and welcome all qualified applicants, regardless of age, ancestry, color, disability, gender, gender identity, marital status, national origin, race, religion, sexual orientation or veteran status.
Medical Specialty:

Geriatrics

Physical Setting:

Long term care

Schedule:

Flexible schedule to accommodate all staff

 
 
 
 ",https://jobs.apploi.com/view/1446580?utm_campaign=jobs_snippet&utm_source=amberwoods-of-farmington-career-page&utm_medium=client-web-site&utm_term=apploi-snippet&_=1753197873.6775496,,2025-07-22T15:24:50.260857,Amberwoods of Farmington,apploi,snf,
"Join our committed, compassionate team",Meriden Health and Rehab,"Meriden, CT 6451",Meriden,CT,6451,,,,,,2025-07-22T15:25:37.156182,Meriden Health and Rehab,apploi,snf,
"View available
positions and apply",Meriden Health and Rehab,"Meriden, CT 6451",Meriden,CT,6451,,,,,,2025-07-22T15:25:38.074349,Meriden Health and Rehab,apploi,snf,
Facilities Maintenance Technician,Aaron Manor Nursing and Rehabilitation Center,"Chester, CT 6412",Chester,CT,6412,,,"Competitive Wages & Benefits Plan!
Aaron Manor is looking for Maintenance Workers for our family-operated nursing home in Fairport, NY. There are unique differences to being part of a family-owned and operated business.  Each and every employee is critically necessary to create and maintain a balanced, efficient, and effective workplace.  Every voice matters in our efforts every day.  Through mutual respect for each other, active listening, and good communication, we together create a working atmosphere that strives to achieve best practice both clinically and financially. If this sounds like something you're looking for in a job, please apply!
Job Summary: Under the Direction of the Maintenance Director, the Maintenance Worker is responsible for the maintenance operations of the facility including the performance of repairs and maintenance of equipment and supplies. Performs regular monthly maintenance preventative checks, and work assignments. Follows established safety rules and policies, procedures of the home.
DUTIES AND RESPONSIBILITIES:
Representative Duties: (including but not limited to)

Reports to Maintenance Director equipment or modifications needed to provide resident care.
Ensures work areas are kept clean, neat, and safe.
Maintains the building and grounds in good repair.
Completes all maintenance work orders and documents completion.
Supports and maintains a culture of safety and quality.
Maintains the facility free from hazards caused by electrical, plumbing, heating and cooling system

Skills:

Basic computer knowledge.
Basic Plumbing, Electrical & Constructive knowledge.

Physical Demands:

For physical demands of position, including vision, hearing, repetitive motion and environment, see following description.

Reasonable accommodations may be made to enable individuals with disabilities to perform the essential functions of the position without compromising resident care.
 
 
 
 
 
 
 
 
 
 
 
 
 
 
 
 
 
 
 
 
 
 ",https://jobs.apploi.com/view/586905?utm_campaign=jobs_snippet&utm_source=aaronmanor-career-page&utm_medium=client-web-site&utm_term=josh-reiss&_=1753197961.816363,,2025-07-22T15:26:14.175278,Aaron Manor Nursing and Rehabilitation Center,apploi,snf,
