id,title,company,location,city,state,url,source,source_url,scraped_at,description,requirements,posted_date,full_text
RydersHealth_6857233369813077049,Infection Preventionist / Staff Development Nurse,RydersHealth,Location not specified,,,,RydersHealth,https://www.rydershealth.com/jobs/,2025-07-08T22:31:21.523486,"Infection Preventionist / Staff Development Nurse
Ryders Health Management Our family taking care of yours",,,"Infection Preventionist / Staff Development Nurse
Ryders Health Management Our family taking care of yours"
RydersHealth_5755026368744423764,RN Supervisor (night shift),RydersHealth,Location not specified,,,,RydersHealth,https://www.rydershealth.com/jobs/,2025-07-08T22:31:23.951945,"RN Supervisor (night shift)
Douglas Manor",,,"RN Supervisor (night shift)
Douglas Manor"
RydersHealth_8391885525607867423,Dietary Aide,RydersHealth,Location not specified,,,,RydersHealth,https://www.rydershealth.com/jobs/,2025-07-08T22:31:28.531643,"Dietary Aide
Mystic Healthcare",,,"Dietary Aide
Mystic Healthcare"
RydersHealth_6366680878413887887,RN/LPN,RydersHealth,Location not specified,,,,RydersHealth,https://www.rydershealth.com/jobs/,2025-07-08T22:31:30.787062,"RN/LPN
Mystic Healthcare",,,"RN/LPN
Mystic Healthcare"
RydersHealth_4617321888117591239,MDS Reimbursement Manager,RydersHealth,Location not specified,,,,RydersHealth,https://www.rydershealth.com/jobs/,2025-07-08T22:31:33.134556,"MDS Reimbursement Manager
Lord Chamberlain Nursing and Rehabilitation",,,"MDS Reimbursement Manager
Lord Chamberlain Nursing and Rehabilitation"
RydersHealth_2442525792969407273,Front Desk Receptionist,RydersHealth,Location not specified,,,,RydersHealth,https://www.rydershealth.com/jobs/,2025-07-08T22:31:35.622667,"Front Desk Receptionist
Bel-Air Manor Our family taking care of yours",,,"Front Desk Receptionist
Bel-Air Manor Our family taking care of yours"
RydersHealth_5525085902336732219,Occupational Therapist,RydersHealth,Location not specified,,,,RydersHealth,https://www.rydershealth.com/jobs/,2025-07-08T22:31:38.004793,"Occupational Therapist
Mystic Healthcare",,,"Occupational Therapist
Mystic Healthcare"
RydersHealth_1978846562281006150,Speech Language Pathologist,RydersHealth,"Greentree Manor, DOUGLAS MANOR",Greentree Manor,DOUGLAS MANOR,,RydersHealth,https://www.rydershealth.com/jobs/,2025-07-08T22:31:40.395232,"Speech Language Pathologist
Greentree Manor, Douglas Manor",,,"Speech Language Pathologist
Greentree Manor, Douglas Manor"
RydersHealth_9221865642022795512,Physical Therapist,RydersHealth,Location not specified,,,,RydersHealth,https://www.rydershealth.com/jobs/,2025-07-08T22:31:42.861141,"Physical Therapist
Greentree Manor",,,"Physical Therapist
Greentree Manor"
RydersHealth_2831746821101186168,Physical Therapy Assistant,RydersHealth,"Douglas Manor, LORD CHAMBERLAIN",Douglas Manor,LORD CHAMBERLAIN,,RydersHealth,https://www.rydershealth.com/jobs/,2025-07-08T22:31:45.570552,"Physical Therapy Assistant
Greentree Manor, Douglas Manor, Lord Chamberlain",,,"Physical Therapy Assistant
Greentree Manor, Douglas Manor, Lord Chamberlain"
RydersHealth_1700595350452587972,CNA,RydersHealth,Location not specified,,,,RydersHealth,https://www.rydershealth.com/jobs/,2025-07-08T22:31:48.271504,"CNA
Cheshire House",,,"CNA
Cheshire House"
RydersHealth_851538571975788745,RN / LPN,RydersHealth,Location not specified,,,,RydersHealth,https://www.rydershealth.com/jobs/,2025-07-08T22:31:51.026866,"RN / LPN
Cheshire House",,,"RN / LPN
Cheshire House"
RydersHealth_7843306871518172271,Rehabilitation Aide,RydersHealth,Location not specified,,,,RydersHealth,https://www.rydershealth.com/jobs/,2025-07-08T22:31:53.416168,"Rehabilitation Aide
Aaron Manor",,,"Rehabilitation Aide
Aaron Manor"
RydersHealth_2874690576875221788,LPN Wing Nurse,RydersHealth,Location not specified,,,,RydersHealth,https://www.rydershealth.com/jobs/,2025-07-08T22:31:58.825726,"LPN Wing Nurse
Greentree Manor",,,"LPN Wing Nurse
Greentree Manor"
RydersHealth_842882775597337285,Housekeeper,RydersHealth,Location not specified,,,,RydersHealth,https://www.rydershealth.com/jobs/,2025-07-08T22:32:05.864470,"Housekeeper
Aaron Manor",,,"Housekeeper
Aaron Manor"
RydersHealth_4226506519560665040,Cook,RydersHealth,Location not specified,,,,RydersHealth,https://www.rydershealth.com/jobs/,2025-07-08T22:32:08.104371,"Cook
Bel-Air Manor",,,"Cook
Bel-Air Manor"
