source_site,search_url,role,state,city,zip_code,location_scope,location_source,parse_location?,notes,setting_type,,,,,,,,,,,,,,,,
CareListings,https://www.carelistings.com/jobs/CNA/connecticut,ALL_MATCHING,CT,New Haven,6510,city,,No,Multi-role results in one feed,home_care,,,,,,,,,,,,,,,,
RydersHealth,https://www.rydershealth.com/jobs/,ALL_MATCHING,CT,,,multi,card body,Yes,Multi-location feed. Scraper must extract job title and location per post.,snf,,,,,,,,,,,,,,,,
New Haven Center for Nursing & Rehab,https://newhavennh.com/career/,ALL_MATCHING,CT,New Haven,6511,fixed,static,No,Single-site employer,snf,,,,,,,,,,,,,,,,
Southport Center for Nursing & Rehab,https://southportnh.com/careers/,ALL_MATCHING,CT,Southport,6890,fixed,static,No,Single-site employer,snf,,,,,,,,,,,,,,,,
Torrington Center for Nursing & Reha,https://torringtonnh.com/careers/,ALL_MATCHING,CT,Torrington,6790,fixed,static,No,Single-site employer,snf,,,,,,,,,,,,,,,,
Waterbury Center for Nursing & Rehab,https://waterburynh.com/careers/,ALL_MATCHING,CT,Waterbury,6702,fixed,static,No,Single-site employer,snf,,,,,,,,,,,,,,,,
West Haven Center for Nursing & Reha,https://westhavennh.com/careers/,ALL_MATCHING,CT,West Haven,6516,fixed,static,No,Single-site employer,snf,,,,,,,,,,,,,,,,
Atlas Healthcare,https://theatlashcg.com/careers/,ALL_MATCHING,CT,,,multi,card body,Yes,Multi-location feed. Scraper must extract job title and location per post.,snf,,,,,,,,,,,,,,,,
iCare Health Network,https://www.icarehn.com/careers/,ALL_MATCHING,CT,,,multi,card body,Yes,Multi-location feed. Scraper must extract job title and location per post.,snf,,,,,,,,,,,,,,,,
National Healthcare Associates,https://careers-nathealthcare.icims.com/jobs/search?ss=1&searchRelation=keyword_all,ALL_MATCHING,CT,,,multi,card body,Yes,Multi-location feed. Scraper must extract job title and location per post.,snf,,,,,,,,,,,,,,,,
Athena Health Care Systems,https://athenahealthcare.com/careers/,ALL_MATCHING,CT,,,multi,card body,Yes,Multi-location feed. Scraper must extract job title and location per post.,mixed,,,,,,,,,,,,,,,,
Apple Rehab,https://jobs.apploi.com/profile/apple-rehab?utm_campaign=truman&utm_medium=&utm_source=false,ALL_MATCHING,CT,,,multi,card body,Yes,Multi-location feed. Scraper must extract job title and location per post.,snf,,,,,,,,,,,,,,,,
Genesis,https://www.genesiscareers.jobs/genesishcc/jobs,ALL_MATCHING,CT,,,multi,card body,Yes,Multi-location feed. Scraper must extract job title and location per post.,snf,,,,,,,,,,,,,,,,
Complete Care at Glendale Center LLC,https://completecareglendale.com/careers/,ALL_MATCHING,CT,Naugatuck,6770,,,,Single-site employer,snf,,,,,,,,,,,,,,,,
Fox Hill,https://ccfoxhill.com/careers/,ALL_MATCHING,CT,Vernon,6066,,,,Single-site employer,snf,,,,,,,,,,,,,,,,
Complete Care at Groton Regency LLC,https://ccgrotonregency.com/careers/,ALL_MATCHING,CT,Groton,6340,fixed,static,,Single-site employer,snf,,,,,,,,,,,,,,,,
Complete Care at Harrington Court LL,https://ccharringtoncourt.com/careers/,ALL_MATCHING,CT,Colchester,6415,fixed,static,,Single-site employer,snf,,,,,,,,,,,,,,,,
Complete Care at Meriden Center LLC,https://ccmeriden.com/careers/,ALL_MATCHING,CT,Meriden,6450,fixed,static,,Single-site employer,snf,,,,,,,,,,,,,,,,
Kimberly Hall North,https://completecarekhn.com/careers/,ALL_MATCHING,CT,Windsor,6095,fixed,static,,Single-site employer,snf,,,,,,,,,,,,,,,,
Kimberly Hall South Center,https://completecarekhs.com/careers/,ALL_MATCHING,CT,Windsor,6095,,,,Single-site employer,snf,,,,,,,,,,,,,,,,
Autumn Lake,https://autumnlakehealthcare.com/careers/,ALL_MATCHING,CT,,,multi,card body,Yes,Multi-location feed. Scraper must extract job title and location per post.,snf,,,,,,,,,,,,,,,,
Autumn Lake Bucks Hill,https://autumnlakebuckshill.com/career/,ALL_MATCHING,CT,Cromwell,6416,fixed,static,,Single-site employer,snf,,,,,,,,,,,,,,,,
Autumn Lake Cromwell,https://autumnlakecromwell.com/career/,ALL_MATCHING,CT,Waterbury,6704,fixed,static,,Single-site employer,snf,,,,,,,,,,,,,,,,
Autumn Lake New Britain,https://autumnlakenewbritain.com/career/,ALL_MATCHING,CT,New Britain,6051,fixed,static,,Single-site employer,snf,,,,,,,,,,,,,,,,
Masonicare,https://jobs.masonicare.org/search-jobs,ALL_MATCHING,CT,,,multi,card body,Yes,Multi-location feed. Scraper must extract job title and location per post.,mixed,,,,,,,,,,,,,,,,
Advanced Center for Nursing & Rehabilitation,https://advancednh.com/careers/,ALL_MATCHING,CT,New Haven,6511,fixed,static,,Single-site employer,snf,,,,,,,,,,,,,,,,
Amberwoods of Farmington,https://www.amberwoodsof.com/careers/,ALL_MATCHING,CT,Farmington,6032,fixed,static,,Single-site employer,snf,,,,,,,,,,,,,,,,
Ascension,https://jobs.ascension.org/us/en,ALL_MATCHING,,,,multi,card body,Yes,Multi-location feed. Scraper must extract job title and location per post.,home_care,,,,,,,,,,,,,,,,
Aveanna,https://jobs.aveanna.com/jobs/?search_term=,ALL_MATCHING,,,,multi,card body,Yes,Multi-location feed. Scraper must extract job title and location per post.,home_care,,,,,,,,,,,,,,,,
Affinity Home Care,https://www.intelycare.com/jobs/?listing_page=1&employer_id=4978365,ALL_MATCHING,,,,multi,card body,Yes,Multi-location feed. Scraper must extract job title and location per post.,home_care,,,,,,,,,,,,,,,,
Northbridge Communities,https://jobs.jobvite.com/northbridgecompanies/search?t=&c=&l=,ALL_MATCHING,,,,multi,card body,Yes,Multi-location feed. Scraper must extract job title and location per post.,home_care,,,,,,,,,,,,,,,,
SYNERGY Home Care,https://synergyhomecare.com/careers/,ALL_MATCHING,,,,multi,card body,Yes,Multi-location feed. Scraper must extract job title and location per post.,home_care,,,,,,,,,,,,,,,,
Brightstar,https://careers.brightstarcare.com/career-search/?q=&loc=&radius=10&spage=1,ALL_MATCHING,,,,multi,card body,Yes,Multi-location feed. Scraper must extract job title and location per post.,home_care,,,,,,,,,,,,,,,,
Home Instead,https://www.homeinstead.com/home-care-jobs/search/?q=Alabama,ALL_MATCHING,AL,,,state,card body,Yes,"State-level job search feed, Parse city/zip from each job for proper routing	",home_care,,,,,,,,,,,,,,,,
Home Instead,https://www.homeinstead.com/home-care-jobs/search/?q=Arizona,ALL_MATCHING,AZ,,,state,card body,Yes,"State-level job search feed, Parse city/zip from each job for proper routing	",home_care,,,,,,,,,,,,,,,,
Home Instead,https://www.homeinstead.com/home-care-jobs/search/?q=Arkansas,ALL_MATCHING,AR,,,state,card body,Yes,"State-level job search feed, Parse city/zip from each job for proper routing	",home_care,,,,,,,,,,,,,,,,
Home Instead,https://www.homeinstead.com/home-care-jobs/search/?q=California,ALL_MATCHING,CA,,,state,card body,Yes,"State-level job search feed, Parse city/zip from each job for proper routing	",home_care,,,,,,,,,,,,,,,,
Home Instead,https://www.homeinstead.com/home-care-jobs/search/?q=Colorado,ALL_MATCHING,CO,,,state,card body,Yes,"State-level job search feed, Parse city/zip from each job for proper routing	",home_care,,,,,,,,,,,,,,,,
Home Instead,https://www.homeinstead.com/home-care-jobs/search/?q=Connecticut,ALL_MATCHING,CT,,,state,card body,Yes,"State-level job search feed, Parse city/zip from each job for proper routing	",home_care,,,,,,,,,,,,,,,,
Home Instead,https://www.homeinstead.com/home-care-jobs/search/?q=Delaware,ALL_MATCHING,DE,,,state,card body,Yes,"State-level job search feed, Parse city/zip from each job for proper routing	",home_care,,,,,,,,,,,,,,,,
Home Instead,https://www.homeinstead.com/home-care-jobs/search/?q=Florida,ALL_MATCHING,FL,,,state,card body,Yes,"State-level job search feed, Parse city/zip from each job for proper routing	",home_care,,,,,,,,,,,,,,,,
Home Instead,https://www.homeinstead.com/home-care-jobs/search/?q=Georgia,ALL_MATCHING,GA,,,state,card body,Yes,"State-level job search feed, Parse city/zip from each job for proper routing	",home_care,,,,,,,,,,,,,,,,
Home Instead,https://www.homeinstead.com/home-care-jobs/search/?q=Idaho,ALL_MATCHING,ID,,,state,card body,Yes,"State-level job search feed, Parse city/zip from each job for proper routing	",home_care,,,,,,,,,,,,,,,,
Home Instead,https://www.homeinstead.com/home-care-jobs/search/?q=Illinois,ALL_MATCHING,IL,,,state,card body,Yes,"State-level job search feed, Parse city/zip from each job for proper routing	",home_care,,,,,,,,,,,,,,,,
Home Instead,https://www.homeinstead.com/home-care-jobs/search/?q=Indiana,ALL_MATCHING,IN,,,state,card body,Yes,"State-level job search feed, Parse city/zip from each job for proper routing	",home_care,,,,,,,,,,,,,,,,
Home Instead,https://www.homeinstead.com/home-care-jobs/search/?q=Iowa,ALL_MATCHING,IA,,,state,card body,Yes,"State-level job search feed, Parse city/zip from each job for proper routing	",home_care,,,,,,,,,,,,,,,,
Home Instead,https://www.homeinstead.com/home-care-jobs/search/?q=Kansas,ALL_MATCHING,KS,,,state,card body,Yes,"State-level job search feed, Parse city/zip from each job for proper routing	",home_care,,,,,,,,,,,,,,,,
Home Instead,https://www.homeinstead.com/home-care-jobs/search/?q=Kentucky,ALL_MATCHING,KY,,,state,card body,Yes,"State-level job search feed, Parse city/zip from each job for proper routing	",home_care,,,,,,,,,,,,,,,,
Home Instead,https://www.homeinstead.com/home-care-jobs/search/?q=Louisiana,ALL_MATCHING,LA,,,state,card body,Yes,"State-level job search feed, Parse city/zip from each job for proper routing	",home_care,,,,,,,,,,,,,,,,
Home Instead,https://www.homeinstead.com/home-care-jobs/search/?q=Maine,ALL_MATCHING,ME,,,state,card body,Yes,"State-level job search feed, Parse city/zip from each job for proper routing	",home_care,,,,,,,,,,,,,,,,
Home Instead,https://www.homeinstead.com/home-care-jobs/search/?q=Maryland,ALL_MATCHING,MD,,,state,card body,Yes,"State-level job search feed, Parse city/zip from each job for proper routing	",home_care,,,,,,,,,,,,,,,,
Home Instead,https://www.homeinstead.com/home-care-jobs/search/?q=Massachusetts,ALL_MATCHING,MA,,,state,card body,Yes,"State-level job search feed, Parse city/zip from each job for proper routing	",home_care,,,,,,,,,,,,,,,,
Home Instead,https://www.homeinstead.com/home-care-jobs/search/?q=Michigan,ALL_MATCHING,MI,,,state,card body,Yes,"State-level job search feed, Parse city/zip from each job for proper routing	",home_care,,,,,,,,,,,,,,,,
Home Instead,https://www.homeinstead.com/home-care-jobs/search/?q=Minnesota,ALL_MATCHING,MN,,,state,card body,Yes,"State-level job search feed, Parse city/zip from each job for proper routing	",home_care,,,,,,,,,,,,,,,,
Home Instead,https://www.homeinstead.com/home-care-jobs/search/?q=Mississippi,ALL_MATCHING,MS,,,state,card body,Yes,"State-level job search feed, Parse city/zip from each job for proper routing	",home_care,,,,,,,,,,,,,,,,
Home Instead,https://www.homeinstead.com/home-care-jobs/search/?q=Missouri,ALL_MATCHING,MO,,,state,card body,Yes,"State-level job search feed, Parse city/zip from each job for proper routing	",home_care,,,,,,,,,,,,,,,,
Home Instead,https://www.homeinstead.com/home-care-jobs/search/?q=Montana,ALL_MATCHING,MT,,,state,card body,Yes,"State-level job search feed, Parse city/zip from each job for proper routing	",home_care,,,,,,,,,,,,,,,,
Home Instead,https://www.homeinstead.com/home-care-jobs/search/?q=Nebraska,ALL_MATCHING,NE,,,state,card body,Yes,"State-level job search feed, Parse city/zip from each job for proper routing	",home_care,,,,,,,,,,,,,,,,
Home Instead,https://www.homeinstead.com/home-care-jobs/search/?q=Nevada,ALL_MATCHING,NV,,,state,card body,Yes,"State-level job search feed, Parse city/zip from each job for proper routing	",home_care,,,,,,,,,,,,,,,,
Home Instead,https://www.homeinstead.com/home-care-jobs/search/?q=New%20Hampshire,ALL_MATCHING,NH,,,state,card body,Yes,"State-level job search feed, Parse city/zip from each job for proper routing	",home_care,,,,,,,,,,,,,,,,
Home Instead,https://www.homeinstead.com/home-care-jobs/search/?q=New%20Jersey,ALL_MATCHING,NJ,,,state,card body,Yes,"State-level job search feed, Parse city/zip from each job for proper routing	",home_care,,,,,,,,,,,,,,,,
Home Instead,https://www.homeinstead.com/home-care-jobs/search/?q=New%20Mexico,ALL_MATCHING,NM,,,state,card body,Yes,"State-level job search feed, Parse city/zip from each job for proper routing	",home_care,,,,,,,,,,,,,,,,
Home Instead,https://www.homeinstead.com/home-care-jobs/search/?q=New%20York,ALL_MATCHING,NY,,,state,card body,Yes,"State-level job search feed, Parse city/zip from each job for proper routing	",home_care,,,,,,,,,,,,,,,,
Home Instead,https://www.homeinstead.com/home-care-jobs/search/?q=North%20Carolina,ALL_MATCHING,NC,,,state,card body,Yes,"State-level job search feed, Parse city/zip from each job for proper routing	",home_care,,,,,,,,,,,,,,,,
Home Instead,https://www.homeinstead.com/home-care-jobs/search/?q=North%20Dakota,ALL_MATCHING,ND,,,state,card body,Yes,"State-level job search feed, Parse city/zip from each job for proper routing	",home_care,,,,,,,,,,,,,,,,
Home Instead,https://www.homeinstead.com/home-care-jobs/search/?q=Ohio,ALL_MATCHING,OH,,,state,card body,Yes,"State-level job search feed, Parse city/zip from each job for proper routing	",home_care,,,,,,,,,,,,,,,,
Home Instead,https://www.homeinstead.com/home-care-jobs/search/?q=Oklahoma,ALL_MATCHING,OK,,,state,card body,Yes,"State-level job search feed, Parse city/zip from each job for proper routing	",home_care,,,,,,,,,,,,,,,,
Home Instead,https://www.homeinstead.com/home-care-jobs/search/?q=Oregon,ALL_MATCHING,OR,,,state,card body,Yes,"State-level job search feed, Parse city/zip from each job for proper routing	",home_care,,,,,,,,,,,,,,,,
Home Instead,https://www.homeinstead.com/home-care-jobs/search/?q=Pennsylvania,ALL_MATCHING,PA,,,state,card body,Yes,"State-level job search feed, Parse city/zip from each job for proper routing	",home_care,,,,,,,,,,,,,,,,
Home Instead,https://www.homeinstead.com/home-care-jobs/search/?q=Rhode%20Island,ALL_MATCHING,RI,,,state,card body,Yes,"State-level job search feed, Parse city/zip from each job for proper routing	",home_care,,,,,,,,,,,,,,,,
Home Instead,https://www.homeinstead.com/home-care-jobs/search/?q=South%20Carolina,ALL_MATCHING,SC,,,state,card body,Yes,"State-level job search feed, Parse city/zip from each job for proper routing	",home_care,,,,,,,,,,,,,,,,
Home Instead,https://www.homeinstead.com/home-care-jobs/search/?q=South%20Dakota,ALL_MATCHING,SD,,,state,card body,Yes,"State-level job search feed, Parse city/zip from each job for proper routing	",home_care,,,,,,,,,,,,,,,,
Home Instead,https://www.homeinstead.com/home-care-jobs/search/?q=Tennessee,ALL_MATCHING,TN,,,state,card body,Yes,"State-level job search feed, Parse city/zip from each job for proper routing	",home_care,,,,,,,,,,,,,,,,
Home Instead,https://www.homeinstead.com/home-care-jobs/search/?q=Texas,ALL_MATCHING,TX,,,state,card body,Yes,"State-level job search feed, Parse city/zip from each job for proper routing	",home_care,,,,,,,,,,,,,,,,
Home Instead,https://www.homeinstead.com/home-care-jobs/search/?q=Utah,ALL_MATCHING,UT,,,state,card body,Yes,"State-level job search feed, Parse city/zip from each job for proper routing	",home_care,,,,,,,,,,,,,,,,
Home Instead,https://www.homeinstead.com/home-care-jobs/search/?q=Vermont,ALL_MATCHING,VT,,,state,card body,Yes,"State-level job search feed, Parse city/zip from each job for proper routing	",home_care,,,,,,,,,,,,,,,,
Home Instead,https://www.homeinstead.com/home-care-jobs/search/?q=Virginia,ALL_MATCHING,VA,,,state,card body,Yes,"State-level job search feed, Parse city/zip from each job for proper routing	",home_care,,,,,,,,,,,,,,,,
Home Instead,https://www.homeinstead.com/home-care-jobs/search/?q=Washington,ALL_MATCHING,WA,,,state,card body,Yes,"State-level job search feed, Parse city/zip from each job for proper routing	",home_care,,,,,,,,,,,,,,,,
Home Instead,https://www.homeinstead.com/home-care-jobs/search/?q=West%20Virginia,ALL_MATCHING,WV,,,state,card body,Yes,"State-level job search feed, Parse city/zip from each job for proper routing	",home_care,,,,,,,,,,,,,,,,
Home Instead,https://www.homeinstead.com/home-care-jobs/search/?q=Wisconsin,ALL_MATCHING,WI,,,state,card body,Yes,"State-level job search feed, Parse city/zip from each job for proper routing	",home_care,,,,,,,,,,,,,,,,
Home Instead,https://www.homeinstead.com/home-care-jobs/search/?q=Wyoming,ALL_MATCHING,WY,,,state,card body,Yes,"State-level job search feed, Parse city/zip from each job for proper routing        ",home_care,,,,,,,,,,,,,,,,
Salmon Health and Retirement,https://workforcenow.adp.com/mascsr/default/mdf/recruitment/recruitment.html?cid=ab1e132a-3473-4c05-b218-5122e60081b0&ccId=19000101_000001&type=JS&lang=en_US,ALL_MATCHING,MA,,,multi,card body,Yes,ADP ATS. Must parse role + location from job cards,mixed,,,,,,,,,,,,,,,,
CareOne Senior Living,https://fa-eqgc-saasfaprod1.fa.ocs.oraclecloud.com/hcmUI/CandidateExperience/en/sites/CX_2/jobs?mode=location,ALL_MATCHING,,,,multi,card body,Yes,"Oracle HCM portal. Scraper must extract role and location from card
",mixed,,,,,,,,,,,,,,,,
FALL RIVER HEALTHCARE,https://fallriver.employ.onshift.com/job_positions/browse,ALL_MATCHING,MA,FALL RIVER,2720,fixed,static,No,"Single-site OnShift employer in Fall River, MA",snf,,,,,,,,,,,,,,,,
FITCHBURG HEALTHCARE,https://fitchburg.employ.onshift.com/job_positions/browse,ALL_MATCHING,MA,FITCHBURG,1420,fixed,static,No,"Single-site OnShift employer in Fitchburg, MA",snf,,,,,,,,,,,,,,,,
GARDEN PLACE HEALTHCARE,https://gardenplace.employ.onshift.com/job_positions/browse,ALL_MATCHING,MA,ATTLEBORO,2703,fixed,static,No,"Single-site OnShift employer in Attleboro, MA",snf,,,,,,,,,,,,,,,,
LEE HEALTHCARE,https://lee.employ.onshift.com/job_positions/browse,ALL_MATCHING,MA,LEE,1238,fixed,static,No,"Single-site OnShift employer in Lee, MA",snf,,,,,,,,,,,,,,,,
MELROSE HEALTHCARE,https://melrose.employ.onshift.com/job_positions/browse,ALL_MATCHING,MA,MELROSE,2176,fixed,static,No,"Single-site OnShift employer in Melrose, MA",snf,,,,,,,,,,,,,,,,
NORWOOD HEALTHCARE,https://norwood.employ.onshift.com/job_positions/browse,ALL_MATCHING,MA,NORWOOD,2062,fixed,static,No,"Single-site OnShift employer in Norwood, MA",snf,,,,,,,,,,,,,,,,
OAKHILL HEALTHCARE,https://oakhill.employ.onshift.com/job_positions/browse,ALL_MATCHING,MA,MIDDLEBOROUGH,2346,fixed,static,No,"Single-site OnShift employer in Middleborough, MA",snf,,,,,,,,,,,,,,,,
PLYMOUTH HARBORSIDE HEALTHCARE,https://plymouth.employ.onshift.com/job_positions/browse,ALL_MATCHING,MA,PLYMOUTH,2360,fixed,static,No,"Single-site OnShift employer in Plymouth, MA",snf,,,,,,,,,,,,,,,,
ELMHURST HEALTHCARE (THE),https://elmhurst.employ.onshift.com/job_positions/browse,ALL_MATCHING,MA,MELROSE,2176,fixed,static,No,"Single-site OnShift employer in Melrose, MA",snf,,,,,,,,,,,,,,,,
HERMITAGE HEALTHCARE (THE),https://the-hermitage.employ.onshift.com/job_positions/browse,ALL_MATCHING,MA,WORCESTER,1602,fixed,static,No,"Single-site OnShift employer in Worcester, MA",snf,,,,,,,,,,,,,,,,
The Landing at Laurel Lake,https://laurellake.employ.onshift.com/job_positions/browse,ALL_MATCHING,MA,Lee,1238,fixed,static,No,"Single-site OnShift employer in Lee, MA",snf,,,,,,,,,,,,,,,,
WEDGEMERE HEALTHCARE,https://wedgemere.employ.onshift.com/job_positions/browse,ALL_MATCHING,MA,TAUNTON,2780,fixed,static,No,"Single-site OnShift employer in Taunton, MA",snf,,,,,,,,,,,,,,,,
WEST NEWTON HEALTHCARE,https://westnewton.employ.onshift.com/job_positions/browse,ALL_MATCHING,MA,NEWTON,2465,fixed,static,No,"Single-site OnShift employer in Newton, MA",snf,,,,,,,,,,,,,,,,
WESTBOROUGH HEALTHCARE,https://westborough.employ.onshift.com/job_positions/browse,ALL_MATCHING,MA,WESTBOROUGH,1581,fixed,static,No,"Single-site OnShift employer in Westborough, MA",snf,,,,,,,,,,,,,,,,
AdviniaCare,https://www.adviniacare.com/jobs/,ALL_MATCHING,,,,multi,card body,Yes,"Multi-location, multi-role feed. Scraper must extract title and location.",snf,,,,,,,,,,,,,,,,
Wingate,https://myjobs.adp.com/wingatelivingcareers/cx/job-listing,ALL_MATCHING,MA,,,state,card body,Yes,"Multi-location, multi-role feed. Scraper must extract title and location.",,,,,,,,,,,,,,,,,
"Colonial Health & Rehab Center of Plainfield, LLC",https://colonialhr.com/careers/,ALL_MATCHING,CT,Plainfield,6374,fixed,static,No,Facility-specific site,snf,,,,,,,,,,,,,,,,
Connecticut Baptist Homes,https://www.ctbaptisthomes.org/careers,ALL_MATCHING,CT,Meriden,6450,fixed,static,No,Facility-specific site,snf,,,,,,,,,,,,,,,,
Elim Park Baptist Home,https://www.paycomonline.net/v4/ats/web.php/jobs?clientkey=180516033B69A146A2841F6A7865A478,ALL_MATCHING,CT,Cheshire,6410,fixed,static,No,Facility-specific site,assisted_living,,,,,,,,,,,,,,,,
Gladeview Health Care Center,https://www.gladeviewcares.com/Employment/index.html,ALL_MATCHING,CT,Old Saybrook,6475,fixed,static,No,Facility-specific site,snf,,,,,,,,,,,,,,,,
Grimes Center,https://jobs.ynhhs.org/jobs?view=search&keywords=grimes&sortBy=relevance&page=1,ALL_MATCHING,CT,New Haven,6511,fixed,static,No,Facility-specific site,snf,,,,,,,,,,,,,,,,
Benchmark,https://jobs.dayforcehcm.com/en-US/benchmark/CANDIDATEPORTAL,ALL_MATCHING,,,,multi,card body,Yes,Multi-location or ATS feed; extract location per job,assisted_living,,,,,,,,,,,,,,,,
EPOCH,https://careers.hireology.com/epochseniorliving,ALL_MATCHING,,,,multi,card body,Yes,Multi-location or ATS feed; extract location per job,assisted_living,,,,,,,,,,,,,,,,
VNA Care,https://careers.vnacare.org/jobs.aspx,ALL_MATCHING,,,,multi,card body,Yes,Multi-location or ATS feed; extract location per job,home_care,,,,,,,,,,,,,,,,
Mozaic Senior Services,https://mozaicsl.applicantpool.com/jobs/,ALL_MATCHING,,,,multi,card body,Yes,Multi-location or ATS feed; extract location per job,assisted_living,,,,,,,,,,,,,,,,
"Mary Wade Home, Inc., The",https://www.paycomonline.net/v4/ats/web.php/jobs?clientkey=0521B54859A716A26956A48336337782#join-talent-community,ALL_MATCHING,CT,New Haven,6513,fixed,static,No,Facility-specific site,snf,,,,,,,,,,,,,,,,
McLean Health Center,https://mcleancare.org/careers/,ALL_MATCHING,CT,Simsbury,6070,fixed,static,No,Facility-specific site,mixed,,,,,,,,,,,,,,,,
The Villa at Stamford,https://stamfordvilla.org/careers/,ALL_MATCHING,CT,Stamford,6902,fixed,static,No,Single-site facility,assisted_living,,,,,,,,,,,,,,,,
Whitney Rehabilitation Care Center,https://careers-whitneyrehab.icims.com/jobs/search?hashed=-625911698&mobile=false&width=2052&height=500&bga=true&needsRedirect=false&jan1offset=-300&jun1offset=-240,ALL_MATCHING,CT,Hamden,6517,fixed,static,No,Single-site facility,snf,,,,,,,,,,,,,,,,
Seabury Health Center,https://workforcenow.adp.com/mascsr/default/mdf/recruitment/recruitment.html?cid=e850fd5f-9193-432e-ab86-502e2790d6fe&ccId=19000101_000001&type=MP&lang=en_US,ALL_MATCHING,CT,Bloomfield,6002,fixed,static,No,Single-site facility,mixed,,,,,,,,,,,,,,,,
Meriden Health and Rehab,https://meridenrehab.com/careers/,ALL_MATCHING,CT,Meriden,6451,fixed,static,No,Single-site facility,snf,,,,,,,,,,,,,,,,
Nathaniel Witherell,https://www.governmentjobs.com/careers/greenwichct?department%5B0%5D=NATHANIEL%20WITHERELL&sort=PositionTitle%7CAscending,ALL_MATCHING,CT,Greenwich,6830,fixed,static,No,Single-site facility,snf,,,,,,,,,,,,,,,,
Beechwood Post-Acute & Transitional Care,https://www.beechwoodrehab.net/careers,ALL_MATCHING,CT,New London,6320,fixed,static,No,Single-site facility,snf,,,,,,,,,,,,,,,,
Noble Horizons,https://noblehorizons.org/about/career-opportunities/,ALL_MATCHING,CT,Salisbury,6068,fixed,static,No,Single-site facility,assisted_living,,,,,,,,,,,,,,,,
"Notre Dame Conv. Home, Inc.",https://ndhrehab.org/careers/,ALL_MATCHING,CT,Norwich,6360,fixed,static,No,Single-site facility,snf,,,,,,,,,,,,,,,,
Orange Health Care Center,http://orange-healthcare.com/website/publish/employment/employmentList.php?1,ALL_MATCHING,CT,Orange,6477,fixed,static,No,Single-site facility,snf,,,,,,,,,,,,,,,,
Covenant Living,https://careers.covliving.org/global/en/search-results,ALL_MATCHING,,,,multi,card body,Yes,Multi-location or ATS feed; extract location per job,assisted_living,,,,,,,,,,,,,,,,
Saint Joseph's Living Center,https://www.sjlivingcenter.org/career-opportunities/,ALL_MATCHING,CT,Windham,6280,fixed,static,No,Single-site facility,snf,,,,,,,,,,,,,,,,
Skyview Rehab and Nursing,https://recruiting.paylocity.com/recruiting/jobs/All/50df8651-aa45-4266-9fa5-56fb8c912d44/Sky-View-Rehabilitation-Health-Care-Center,ALL_MATCHING,CT,Wallingford,6492,fixed,static,No,Single-site facility,snf,,,,,,,,,,,,,,,,
Westview Health Care Center,https://westviewhcc.com/careers.html,ALL_MATCHING,CT,Dayville,6241,fixed,static,No,Single-site facility,snf,,,,,,,,,,,,,,,,
Whispering Pines Rehabilitation and Nursing Center,https://wprnc.com/careers/,ALL_MATCHING,CT,East Haven,6512,fixed,static,No,Single-site facility,snf,,,,,,,,,,,,,,,,
LCB Senior Living,https://www.paycomonline.net/v4/ats/web.php/jobs?clientkey=E3CC4AFB47AA6C8DDFE96BF0D1042480,ALL_MATCHING,,,,multi,card body,Yes,Multi-location or ATS feed; extract location per job,assisted_living,,,,,,,,,,,,,,,,
Harbor Chase,https://recruiting.ultipro.com/HAR1012/JobBoard/c8658d95-b2fe-7c84-9ea4-273644487cd4/?q=&o=postedDateDesc,ALL_MATCHING,,,,multi,card body,Yes,Multi-location or ATS feed; extract location per job,assisted_living,,,,,,,,,,,,,,,,
The Arbors & The Ivy,https://sites.hireology.com/thearborsassistedlivingresidentialcommunities/jobs.html,ALL_MATCHING,,,,multi,card body,Yes,Multi-location or ATS feed; extract location per job,assisted_living,,,,,,,,,,,,,,,,
Oak Hill,https://jobs.dayforcehcm.com/en-US/oakhill/OakHillDefaultPostingSite,ALL_MATCHING,,,,multi,card body,Yes,Multi-location or ATS feed; extract location per job,mixed,,,,,,,,,,,,,,,,
Hallkeen,https://www.hallkeen.com/careers,ALL_MATCHING,,,,multi,card body,Yes,Multi-location or ATS feed; extract location per job,assisted_living,,,,,,,,,,,,,,,,
The Retreat Assisted Living,https://workforcenow.adp.com/mascsr/default/mdf/recruitment/recruitment.html?cid=562bea23-2b6e-4477-9c0a-adc42c796344,ALL_MATCHING,CT,Hartford,6106,fixed,static,No,Single-site facility,assisted_living,,,,,,,,,,,,,,,,
ProMedica,https://www.promedica.org/promedicacareers/search-jobs?near=&facility_names=Assisted+Living+and+Memory+Care,ALL_MATCHING,,,,multi,card body,Yes,Multi-location or ATS feed; extract location per job,assisted_living,,,,,,,,,,,,,,,,
Brookdale,https://careers.brookdale.com/en/jobs.html#/search?page=1,ALL_MATCHING,,,,multi,card body,Yes,Multi-location or ATS feed; extract location per job,assisted_living,,,,,,,,,,,,,,,,
IntelyCare - StaffDNA,https://www.intelycare.com/jobs/?listing_page=1&employer_id=5008017,ALL_MATCHING,,,,multi,card body,Yes,ATS feed for StaffDNA via IntelyCare; parse city/state from job cards,,,,,,,,,,,,,,,,,
Watermark Retirement Communities,https://careers.hireology.com/watermarkretirementcommunitiesinc,ALL_MATCHING,,,,multi,card body,Yes,Multi-location or ATS feed; extract location per job,assisted_living,,,,,,,,,,,,,,,,
Sunrise Senior Living,https://uscareers-sunriseseniorliving.icims.com/jobs/search?ss=1&country=US&mobile=false&width=1300&height=500&bga=true&needsRedirect=false&jan1offset=-300&jun1offset=-240,ALL_MATCHING,,,,multi,card body,Yes,Multi-location or ATS feed; extract location per job,assisted_living,,,,,,,,,,,,,,,,
Artis Senior Living,https://recruiting.ultipro.com/ART1008ARTH/JobBoard/dc78aa87-cca0-413e-a32b-450fecf2bffb/?q=&o=postedDateDesc&w=&wc=&we=&wpst=,ALL_MATCHING,,,,multi,card body,Yes,Multi-location or ATS feed; extract location per job,assisted_living,,,,,,,,,,,,,,,,
ECHN Visiting Nurse & Health Services of CT,https://pm.healthcaresource.com/cs/echn#/results?whereControl=radius&radiusDistance=25&radiusUnit=mi&radius%5Bselection%5D%5Bdistance%5D=25&radius%5Bselection%5D%5Bunit%5D=mi&Facility=Visiting%20Nurse%20%26%20Health%20Services%20of%20CT&sort=titleAlphaAsc,ALL_MATCHING,,,,multi,card body,Yes,Multi-location or ATS feed; extract location per job,home_care,,,,,,,,,,,,,,,,
Atria,https://atriacareers.com/careers/category/care-and-nursing/,ALL_MATCHING,,,,multi,card body,Yes,Multi-location or ATS feed; extract location per job,assisted_living,,,,,,,,,,,,,,,,
Monarch Communities,https://careers.smartrecruiters.com/MonarchCommunities,ALL_MATCHING,,,,multi,card body,Yes,Multi-location or ATS feed; extract location per job,assisted_living,,,,,,,,,,,,,,,,
Senior Living Communities,https://senior-living-communities.jobs.net/jobs,ALL_MATCHING,,,,multi,card body,Yes,Multi-location or ATS feed; extract location per job,assisted_living,,,,,,,,,,,,,,,,
Maplewood Senior Living,https://recruiting.ultipro.com/MAP1003/JobBoard/51997001-de38-2b3c-51f7-8dfc3b02a5dd/?q=&o=postedDateDesc&w=&wc=&we=&wpst=,ALL_MATCHING,,,,multi,card body,Yes,Multi-location or ATS feed; extract location per job,assisted_living,,,,,,,,,,,,,,,,
Duncaster Retirement Community,https://workforcenow.adp.com/mascsr/default/mdf/recruitment/recruitment.html?cid=ff7523f0-dfc2-4bb0-8c7a-f3e7bd97a59e&ccId=19000101_000001&lang=en_US,ALL_MATCHING,CT,Bloomfield,6002,fixed,static,No,Single-site facility,assisted_living,,,,,,,,,,,,,,,,
Alliance Health,https://alliancehhs.org/open-positions/,ALL_MATCHING,MA,,,multi,card body,Yes,Multi-site healthcare network career page,snf,,,,,,,,,,,,,,,,
ALDEN COURT NURSING CARE & REHABILITATION CENTER,https://www.aldencourtnursing.com/employment,ALL_MATCHING,MA,Fairhaven,2719,fixed,static,No,Direct employer career page,snf,,,,,,,,,,,,,,,,
BaneCare,https://www.banecare.com/Employment-Opportunities,ALL_MATCHING,MA,,,multi,card body,Yes,Corporate career page for multiple facilities,snf,,,,,,,,,,,,,,,,
Always Best Care,https://alwaysbestcare.com/manchester/caregivers/#Join-Our-Team,ALL_MATCHING,MA,,,multi,card body,Yes,"Franchise career page, home care focus",home_care,,,,,,,,,,,,,,,,
UniversaCare,https://www.intelycare.com/jobs/?listing_page=1&employer_id=3843912,ALL_MATCHING,,,,multi,card body,Yes,Network or national feed,home_care,,,,,,,,,,,,,,,,
CenterWell,https://www.centerwellcareers.com/us/en/search-results,ALL_MATCHING,,,,multi,card body,Yes,Network or national feed,home_care,,,,,,,,,,,,,,,,
LHC Group,https://lhcgroup.jibeapply.com/careers-home/jobs?view=search&page=1,ALL_MATCHING,,,,multi,card body,Yes,Network or national feed,home_care,,,,,,,,,,,,,,,,
enhabit,https://careers.ehab.com/search-jobs,ALL_MATCHING,,,,multi,card body,Yes,Network or national feed,home_care,,,,,,,,,,,,,,,,
Amedisys,https://careers.amedisys.com/careers-home/jobs?tags1=Homecare&page=1,ALL_MATCHING,,,,multi,card body,Yes,Network or national feed,home_care,,,,,,,,,,,,,,,,
Right at Home,https://www.rightathome.net/tolland/jobs,ALL_MATCHING,CT,Tolland,6084,fixed,static,No,Direct facility career page,home_care,,,,,,,,,,,,,,,,
Bristol Health,https://www.bristolhealth.org/careers,ALL_MATCHING,CT,Bristol,6010,fixed,static,No,Direct facility career page,mixed,,,,,,,,,,,,,,,,
All Ways Caring,https://careers-allwayscaring.icims.com/jobs/search?ss=1&hashed=-626002160,ALL_MATCHING,,,,multi,card body,Yes,Network or national feed,home_care,,,,,,,,,,,,,,,,
Trinity Health at Home,https://jobs.trinity-health.org/athome/search-results?m=3,ALL_MATCHING,,,,multi,card body,Yes,Network or national feed,home_care,,,,,,,,,,,,,,,,
Charter Senior Living,https://www.careersatcharter.com/find-your-next-role/,ALL_MATCHING,,,,multi,card body,Yes,Network or national feed,assisted_living,,,,,,,,,,,,,,,,
Elara Caring,https://careers.elara.com/us/en/search-results,ALL_MATCHING,,,,multi,card body,Yes,Network or national feed,home_care,,,,,,,,,,,,,,,,
Brightview Senior Living,https://careers.brightviewseniorliving.com/career-home/jobs,ALL_MATCHING,,,,multi,card body,Yes,Network or national feed,assisted_living,,,,,,,,,,,,,,,,
Aaron Manor Nursing and Rehabilitation Center,https://aaronmanor.com/Careers.aspx,ALL_MATCHING,CT,Chester,6412,fixed,static,No,Direct facility career page,snf,,,,,,,,,,,,,,,,
accentCare,https://careers.accentcare.com/careers-home/jobs,ALL_MATCHING,,,,multi,card body,Yes,Network or national feed,home_care,,,,,,,,,,,,,,,,
Senior Lifestyle,https://www.seniorlifestyle.com/careers/search/,ALL_MATCHING,,,,multi,card body,Yes,Network or national feed,assisted_living,,,,,,,,,,,,,,,,
PathWell,https://pathwellhealth.com/careers/,ALL_MATCHING,,,,multi,card body,Yes,Network or national feed,home_care,,,,,,,,,,,,,,,,
Always Best Care,https://alwaysbestcare.com/new-haven/caregivers/#Join-Our-Team,ALL_MATCHING,CT,New Haven,6510,fixed,static,No,Direct facility career page,home_care,,,,,,,,,,,,,,,,
Encompass Health,https://careers.encompasshealth.com/jobs/?&filter[category][]=Nurse+Mgmt&filter[category][]=Nursing,ALL_MATCHING,,,,multi,card body,Yes,Network or national feed,rehab_only,,,,,,,,,,,,,,,,
Aspen Hill,https://aspenhillrehab.com/apply-today/,ALL_MATCHING,,,,multi,card body,Yes,Network or national feed,snf,,,,,,,,,,,,,,,,
Southcoast Health,https://careers-southcoast.icims.com/jobs/search?ss=1&searchRelation=keyword_all&searchCategory=47355,ALL_MATCHING,,,,multi,card body,Yes,Network or national feed,home_care,,,,,,,,,,,,,,,,
Southcoast Health,https://careers-southcoast.icims.com/jobs/search?ss=1&searchRelation=keyword_all&searchCategory=47351,ALL_MATCHING,,,,multi,card body,Yes,Network or national feed,snf,,,,,,,,,,,,,,,,
Southcoast Health,https://careers-southcoast.icims.com/jobs/search?ss=1&searchRelation=keyword_all&searchCategory=47350,ALL_MATCHING,,,,multi,card body,Yes,Network or national feed,assisted_living,,,,,,,,,,,,,,,,
SCA Health,https://careers.sca.health/jobs?page=1,ALL_MATCHING,,,,multi,card body,Yes,Network or national feed,rehab_only,,,,,,,,,,,,,,,,
Healogics,https://healogics.wd5.myworkdayjobs.com/healogics,ALL_MATCHING,,,,multi,card body,Yes,Network or national feed,rehab_only,,,,,,,,,,,,,,,,
Guardian Angel Senior Services,https://www.intelycare.com/jobs/?listing_page=1&employer_id=2038009,ALL_MATCHING,,,,multi,card body,Yes,Network or national feed,home_care,,,,,,,,,,,,,,,,
Hathorne Hill Rehab & Healthcare Center,https://hathornehhc.com/careers/,ALL_MATCHING,MA,Danvers,1923,fixed,static,No,Direct facility career page,snf,,,,,,,,,,,,,,,,
Seniors Helping Seniors,https://www.intelycare.com/jobs/?listing_page=1&employer_id=4978638,ALL_MATCHING,,,,multi,card body,Yes,Network or national feed,home_care,,,,,,,,,,,,,,,,
A Place At Home,https://aplaceathome.com/merrimack-valley/careers/,ALL_MATCHING,MA,Methuen,1844,fixed,static,No,Direct facility career page,home_care,,,,,,,,,,,,,,,,
Briarwood Rehab & Healthcare Center,https://briarwoodrehab.com/apply-today/,ALL_MATCHING,MA,Needham,2494,fixed,static,No,Direct facility career page,snf,,,,,,,,,,,,,,,,
Integritus Healthcare,https://recruiting.ultipro.com/BER1002BHCS/JobBoard/ab6dd2ae-e2f4-4e5a-9d54-ba5e47b6291f/?q=&o=postedDateDesc,ALL_MATCHING,,,,multi,card body,Yes,Network or national feed,snf,,,,,,,,,,,,,,,,
Hebrew Senior Life,https://hebrewseniorlife.wd501.myworkdayjobs.com/HebrewSeniorLifeCareers,ALL_MATCHING,,,,multi,card body,Yes,Network or national feed,mixed,,,,,,,,,,,,,,,,
Associated Home Care,https://www.associatedhomecare.com/careers/#careers,ALL_MATCHING,MA,,,,,,,,,,,,,,,,,,,,,,,
Honor Health Network,https://honorhealthnetwork.com/job-openings/?job__location_spec=massachusetts,ALL_MATCHING,MA,,,,,,,,,,,,,,,,,,,,,,,
Honor Health Network,https://honorhealthnetwork.com/job-openings/,ALL_MATCHING,,,,,,,,,,,,,,,,,,,,,,,,
FiveStar Nursing,https://jobs.apploi.com/profile/fivestarnusing,ALL_MATCHING,,,,,,,,,,,,,,,,,,,,,,,,
Gardenview Home Care,https://www.intelycare.com/jobs/?listing_page=1&employer_id=2315252,ALL_MATCHING,,,,,,,,,,,,,,,,,,,,,,,,
Bond Health Staffing,https://bondhealthstaffing.com/view-jobs/,ALL_MATCHING,,,,,,,,,,,,,,,,,,,,,,,,
MJHS Health System,https://mjhs.jobs/jobs/,ALL_MATCHING,,,,,,,,,,,,,,,,,,,,,,,,
DRIFT Services,https://www.intelycare.com/jobs/?listing_page=1&employer_id=2064688,ALL_MATCHING,,,,,,,,,,,,,,,,,,,,,,,,
Fine Care Center,https://www.intelycare.com/jobs/?employer_id=2315019,ALL_MATCHING,,,,,,,,,,,,,,,,,,,,,,,,
Tandym Group,https://careers.tandymgroup.com/#/healthcare,ALL_MATCHING,,,,,,,,,,,,,,,,,,,,,,,,
The Jewish Home,https://jewishhome.org/careers-and-culture/job-listings/,ALL_MATCHING,,,,,,,,,,,,,,,,,,,,,,,,
Allendale Rehabilitation & Healthcare Center,https://allendalehc.com/careers/,ALL_MATCHING,,,,,,,,,,,,,,,,,,,,,,,,
Sapphire Center,https://www.sapphirerehab.com/careers,ALL_MATCHING,,,,,,,,,,,,,,,,,,,,,,,,
Laconia Nursing Home,https://www.laconianursinghome.com/job-openings,ALL_MATCHING,,,,,,,,,,,,,,,,,,,,,,,,
Compassion Home Care,https://www.compassionhomellc.com/careers/#apply,ALL_MATCHING,,,,,,,,,,,,,,,,,,,,,,,,
Hometown Nannies,https://hometownnannies.com/job-board/,ALL_MATCHING,"CT, NY",,,,,,,,,,,,,,,,,,,,,,,
Endurance Home Care,https://endurancehomecare.com/job-openings/,ALL_MATCHING,CT,,,,,,,,,,,,,,,,,,,,,,,
,,,,,,,,,,,,,,,,,,,,,,,,,,
,,,,,,,,,,,,,,,,,,,,,,,,,,
,,,,,,,,,,,,,,,,,,,,,,,,,,
,,,,,,,,,,,,,,,,,,,,,,,,,,
,,,,,,,,,,,,,,,,,,,,,,,,,,
,,,,,,,,,,,,,,,,,,,,,,,,,,
,,,,,,,,,,,,,,,,,,,,,,,,,,
,,,,,,,,,,,,,,,,,,,,,,,,,,
,,,,,,,,,,,,,,,,,,,,,,,,,,
,,,,,,,,,,,,,,,,,,,,,,,,,,
,,,,,,,,,,,,,,,,,,,,,,,,,,
,,,,,,,,,,,,,,,,,,,,,,,,,,
,,,,,,,,,,,,,,,,,,,,,,,,,,
,,,,,,,,,,,,,,,,,,,,,,,,,,
,,,,,,,,,,,,,,,,,,,,,,,,,,
,,,,,,,,,,,,,,,,,,,,,,,,,,
,,,,,,,,,,,,,,,,,,,,,,,,,,
,,,,,,,,,,,,,,,,,,,,,,,,,,
,,,,,,,,,,,,,,,,,,,,,,,,,,
,,,,,,,,,,,,,,,,,,,,,,,,,,
,,,,,,,,,,,,,,,,,,,,,,,,,,
,,,,,,,,,,,,,,,,,,,,,,,,,,
,,,,,,,,,,,,,,,,,,,,,,,,,,
,,,,,,,,,,,,,,,,,,,,,,,,,,
,,,,,,,,,,,,,,,,,,,,,,,,,,
,,,,,,,,,,,,,,,,,,,,,,,,,,
,,,,,,,,,,,,,,,,,,,,,,,,,,
,,,,,,,,,,,,,,,,,,,,,,,,,,
,,,,,,,,,,,,,,,,,,,,,,,,,,
,,,,,,,,,,,,,,,,,,,,,,,,,,
,,,,,,,,,,,,,,,,,,,,,,,,,,
,,,,,,,,,,,,,,,,,,,,,,,,,,
,,,,,,,,,,,,,,,,,,,,,,,,,,
,,,,,,,,,,,,,,,,,,,,,,,,,,
,,,,,,,,,,,,,,,,,,,,,,,,,,
,,,,,,,,,,,,,,,,,,,,,,,,,,
,,,,,,,,,,,,,,,,,,,,,,,,,,
,,,,,,,,,,,,,,,,,,,,,,,,,,
,,,,,,,,,,,,,,,,,,,,,,,,,,
,,,,,,,,,,,,,,,,,,,,,,,,,,
,,,,,,,,,,,,,,,,,,,,,,,,,,
,,,,,,,,,,,,,,,,,,,,,,,,,,
,,,,,,,,,,,,,,,,,,,,,,,,,,
,,,,,,,,,,,,,,,,,,,,,,,,,,
,,,,,,,,,,,,,,,,,,,,,,,,,,
,,,,,,,,,,,,,,,,,,,,,,,,,,
,,,,,,,,,,,,,,,,,,,,,,,,,,
,,,,,,,,,,,,,,,,,,,,,,,,,,
,,,,,,,,,,,,,,,,,,,,,,,,,,
,,,,,,,,,,,,,,,,,,,,,,,,,,
,,,,,,,,,,,,,,,,,,,,,,,,,,
,,,,,,,,,,,,,,,,,,,,,,,,,,
,,,,,,,,,,,,,,,,,,,,,,,,,,
,,,,,,,,,,,,,,,,,,,,,,,,,,
,,,,,,,,,,,,,,,,,,,,,,,,,,
,,,,,,,,,,,,,,,,,,,,,,,,,,
,,,,,,,,,,,,,,,,,,,,,,,,,,
,,,,,,,,,,,,,,,,,,,,,,,,,,
,,,,,,,,,,,,,,,,,,,,,,,,,,
,,,,,,,,,,,,,,,,,,,,,,,,,,
,,,,,,,,,,,,,,,,,,,,,,,,,,
,,,,,,,,,,,,,,,,,,,,,,,,,,
,,,,,,,,,,,,,,,,,,,,,,,,,,
,,,,,,,,,,,,,,,,,,,,,,,,,,
,,,,,,,,,,,,,,,,,,,,,,,,,,
,,,,,,,,,,,,,,,,,,,,,,,,,,
,,,,,,,,,,,,,,,,,,,,,,,,,,
,,,,,,,,,,,,,,,,,,,,,,,,,,
,,,,,,,,,,,,,,,,,,,,,,,,,,
,,,,,,,,,,,,,,,,,,,,,,,,,,
,,,,,,,,,,,,,,,,,,,,,,,,,,
,,,,,,,,,,,,,,,,,,,,,,,,,,
,,,,,,,,,,,,,,,,,,,,,,,,,,
,,,,,,,,,,,,,,,,,,,,,,,,,,
,,,,,,,,,,,,,,,,,,,,,,,,,,
,,,,,,,,,,,,,,,,,,,,,,,,,,
,,,,,,,,,,,,,,,,,,,,,,,,,,
,,,,,,,,,,,,,,,,,,,,,,,,,,
,,,,,,,,,,,,,,,,,,,,,,,,,,
,,,,,,,,,,,,,,,,,,,,,,,,,,
,,,,,,,,,,,,,,,,,,,,,,,,,,
,,,,,,,,,,,,,,,,,,,,,,,,,,
,,,,,,,,,,,,,,,,,,,,,,,,,,
,,,,,,,,,,,,,,,,,,,,,,,,,,
,,,,,,,,,,,,,,,,,,,,,,,,,,
,,,,,,,,,,,,,,,,,,,,,,,,,,
,,,,,,,,,,,,,,,,,,,,,,,,,,
,,,,,,,,,,,,,,,,,,,,,,,,,,
,,,,,,,,,,,,,,,,,,,,,,,,,,
,,,,,,,,,,,,,,,,,,,,,,,,,,
,,,,,,,,,,,,,,,,,,,,,,,,,,
,,,,,,,,,,,,,,,,,,,,,,,,,,
,,,,,,,,,,,,,,,,,,,,,,,,,,
,,,,,,,,,,,,,,,,,,,,,,,,,,
,,,,,,,,,,,,,,,,,,,,,,,,,,
,,,,,,,,,,,,,,,,,,,,,,,,,,
,,,,,,,,,,,,,,,,,,,,,,,,,,
,,,,,,,,,,,,,,,,,,,,,,,,,,
,,,,,,,,,,,,,,,,,,,,,,,,,,
,,,,,,,,,,,,,,,,,,,,,,,,,,
,,,,,,,,,,,,,,,,,,,,,,,,,,
,,,,,,,,,,,,,,,,,,,,,,,,,,
,,,,,,,,,,,,,,,,,,,,,,,,,,
,,,,,,,,,,,,,,,,,,,,,,,,,,
,,,,,,,,,,,,,,,,,,,,,,,,,,
,,,,,,,,,,,,,,,,,,,,,,,,,,
,,,,,,,,,,,,,,,,,,,,,,,,,,
,,,,,,,,,,,,,,,,,,,,,,,,,,
,,,,,,,,,,,,,,,,,,,,,,,,,,
,,,,,,,,,,,,,,,,,,,,,,,,,,
,,,,,,,,,,,,,,,,,,,,,,,,,,
,,,,,,,,,,,,,,,,,,,,,,,,,,
,,,,,,,,,,,,,,,,,,,,,,,,,,
,,,,,,,,,,,,,,,,,,,,,,,,,,
,,,,,,,,,,,,,,,,,,,,,,,,,,
,,,,,,,,,,,,,,,,,,,,,,,,,,
,,,,,,,,,,,,,,,,,,,,,,,,,,
,,,,,,,,,,,,,,,,,,,,,,,,,,
,,,,,,,,,,,,,,,,,,,,,,,,,,
,,,,,,,,,,,,,,,,,,,,,,,,,,
,,,,,,,,,,,,,,,,,,,,,,,,,,
,,,,,,,,,,,,,,,,,,,,,,,,,,
,,,,,,,,,,,,,,,,,,,,,,,,,,
,,,,,,,,,,,,,,,,,,,,,,,,,,
,,,,,,,,,,,,,,,,,,,,,,,,,,
,,,,,,,,,,,,,,,,,,,,,,,,,,
,,,,,,,,,,,,,,,,,,,,,,,,,,
,,,,,,,,,,,,,,,,,,,,,,,,,,
,,,,,,,,,,,,,,,,,,,,,,,,,,
,,,,,,,,,,,,,,,,,,,,,,,,,,
,,,,,,,,,,,,,,,,,,,,,,,,,,
,,,,,,,,,,,,,,,,,,,,,,,,,,
,,,,,,,,,,,,,,,,,,,,,,,,,,
,,,,,,,,,,,,,,,,,,,,,,,,,,
,,,,,,,,,,,,,,,,,,,,,,,,,,
,,,,,,,,,,,,,,,,,,,,,,,,,,
,,,,,,,,,,,,,,,,,,,,,,,,,,
,,,,,,,,,,,,,,,,,,,,,,,,,,
,,,,,,,,,,,,,,,,,,,,,,,,,,
,,,,,,,,,,,,,,,,,,,,,,,,,,
,,,,,,,,,,,,,,,,,,,,,,,,,,
,,,,,,,,,,,,,,,,,,,,,,,,,,
,,,,,,,,,,,,,,,,,,,,,,,,,,
,,,,,,,,,,,,,,,,,,,,,,,,,,
,,,,,,,,,,,,,,,,,,,,,,,,,,
,,,,,,,,,,,,,,,,,,,,,,,,,,
,,,,,,,,,,,,,,,,,,,,,,,,,,
,,,,,,,,,,,,,,,,,,,,,,,,,,
,,,,,,,,,,,,,,,,,,,,,,,,,,
,,,,,,,,,,,,,,,,,,,,,,,,,,
,,,,,,,,,,,,,,,,,,,,,,,,,,
,,,,,,,,,,,,,,,,,,,,,,,,,,
,,,,,,,,,,,,,,,,,,,,,,,,,,
,,,,,,,,,,,,,,,,,,,,,,,,,,
,,,,,,,,,,,,,,,,,,,,,,,,,,
,,,,,,,,,,,,,,,,,,,,,,,,,,
,,,,,,,,,,,,,,,,,,,,,,,,,,
,,,,,,,,,,,,,,,,,,,,,,,,,,
,,,,,,,,,,,,,,,,,,,,,,,,,,
,,,,,,,,,,,,,,,,,,,,,,,,,,
,,,,,,,,,,,,,,,,,,,,,,,,,,
,,,,,,,,,,,,,,,,,,,,,,,,,,
,,,,,,,,,,,,,,,,,,,,,,,,,,
,,,,,,,,,,,,,,,,,,,,,,,,,,
,,,,,,,,,,,,,,,,,,,,,,,,,,
,,,,,,,,,,,,,,,,,,,,,,,,,,
,,,,,,,,,,,,,,,,,,,,,,,,,,
,,,,,,,,,,,,,,,,,,,,,,,,,,
,,,,,,,,,,,,,,,,,,,,,,,,,,
,,,,,,,,,,,,,,,,,,,,,,,,,,
,,,,,,,,,,,,,,,,,,,,,,,,,,
,,,,,,,,,,,,,,,,,,,,,,,,,,
,,,,,,,,,,,,,,,,,,,,,,,,,,
,,,,,,,,,,,,,,,,,,,,,,,,,,
,,,,,,,,,,,,,,,,,,,,,,,,,,
,,,,,,,,,,,,,,,,,,,,,,,,,,
,,,,,,,,,,,,,,,,,,,,,,,,,,
,,,,,,,,,,,,,,,,,,,,,,,,,,
,,,,,,,,,,,,,,,,,,,,,,,,,,
,,,,,,,,,,,,,,,,,,,,,,,,,,
,,,,,,,,,,,,,,,,,,,,,,,,,,
,,,,,,,,,,,,,,,,,,,,,,,,,,
,,,,,,,,,,,,,,,,,,,,,,,,,,
,,,,,,,,,,,,,,,,,,,,,,,,,,
,,,,,,,,,,,,,,,,,,,,,,,,,,
,,,,,,,,,,,,,,,,,,,,,,,,,,
,,,,,,,,,,,,,,,,,,,,,,,,,,
,,,,,,,,,,,,,,,,,,,,,,,,,,
,,,,,,,,,,,,,,,,,,,,,,,,,,
,,,,,,,,,,,,,,,,,,,,,,,,,,
,,,,,,,,,,,,,,,,,,,,,,,,,,
,,,,,,,,,,,,,,,,,,,,,,,,,,
,,,,,,,,,,,,,,,,,,,,,,,,,,
,,,,,,,,,,,,,,,,,,,,,,,,,,
,,,,,,,,,,,,,,,,,,,,,,,,,,
,,,,,,,,,,,,,,,,,,,,,,,,,,
,,,,,,,,,,,,,,,,,,,,,,,,,,
,,,,,,,,,,,,,,,,,,,,,,,,,,
,,,,,,,,,,,,,,,,,,,,,,,,,,
,,,,,,,,,,,,,,,,,,,,,,,,,,
,,,,,,,,,,,,,,,,,,,,,,,,,,
,,,,,,,,,,,,,,,,,,,,,,,,,,
,,,,,,,,,,,,,,,,,,,,,,,,,,
,,,,,,,,,,,,,,,,,,,,,,,,,,
,,,,,,,,,,,,,,,,,,,,,,,,,,
,,,,,,,,,,,,,,,,,,,,,,,,,,
,,,,,,,,,,,,,,,,,,,,,,,,,,
,,,,,,,,,,,,,,,,,,,,,,,,,,
,,,,,,,,,,,,,,,,,,,,,,,,,,
,,,,,,,,,,,,,,,,,,,,,,,,,,
,,,,,,,,,,,,,,,,,,,,,,,,,,
,,,,,,,,,,,,,,,,,,,,,,,,,,
,,,,,,,,,,,,,,,,,,,,,,,,,,
,,,,,,,,,,,,,,,,,,,,,,,,,,
,,,,,,,,,,,,,,,,,,,,,,,,,,
,,,,,,,,,,,,,,,,,,,,,,,,,,
,,,,,,,,,,,,,,,,,,,,,,,,,,
,,,,,,,,,,,,,,,,,,,,,,,,,,
,,,,,,,,,,,,,,,,,,,,,,,,,,
,,,,,,,,,,,,,,,,,,,,,,,,,,
,,,,,,,,,,,,,,,,,,,,,,,,,,
,,,,,,,,,,,,,,,,,,,,,,,,,,
,,,,,,,,,,,,,,,,,,,,,,,,,,
,,,,,,,,,,,,,,,,,,,,,,,,,,
,,,,,,,,,,,,,,,,,,,,,,,,,,
,,,,,,,,,,,,,,,,,,,,,,,,,,
,,,,,,,,,,,,,,,,,,,,,,,,,,
,,,,,,,,,,,,,,,,,,,,,,,,,,
,,,,,,,,,,,,,,,,,,,,,,,,,,
,,,,,,,,,,,,,,,,,,,,,,,,,,
,,,,,,,,,,,,,,,,,,,,,,,,,,
,,,,,,,,,,,,,,,,,,,,,,,,,,
,,,,,,,,,,,,,,,,,,,,,,,,,,
,,,,,,,,,,,,,,,,,,,,,,,,,,
,,,,,,,,,,,,,,,,,,,,,,,,,,
,,,,,,,,,,,,,,,,,,,,,,,,,,
,,,,,,,,,,,,,,,,,,,,,,,,,,
,,,,,,,,,,,,,,,,,,,,,,,,,,
,,,,,,,,,,,,,,,,,,,,,,,,,,
,,,,,,,,,,,,,,,,,,,,,,,,,,
,,,,,,,,,,,,,,,,,,,,,,,,,,
,,,,,,,,,,,,,,,,,,,,,,,,,,
,,,,,,,,,,,,,,,,,,,,,,,,,,
,,,,,,,,,,,,,,,,,,,,,,,,,,
,,,,,,,,,,,,,,,,,,,,,,,,,,
,,,,,,,,,,,,,,,,,,,,,,,,,,
,,,,,,,,,,,,,,,,,,,,,,,,,,
,,,,,,,,,,,,,,,,,,,,,,,,,,
,,,,,,,,,,,,,,,,,,,,,,,,,,
,,,,,,,,,,,,,,,,,,,,,,,,,,
,,,,,,,,,,,,,,,,,,,,,,,,,,
,,,,,,,,,,,,,,,,,,,,,,,,,,
,,,,,,,,,,,,,,,,,,,,,,,,,,
,,,,,,,,,,,,,,,,,,,,,,,,,,
,,,,,,,,,,,,,,,,,,,,,,,,,,
,,,,,,,,,,,,,,,,,,,,,,,,,,
,,,,,,,,,,,,,,,,,,,,,,,,,,
,,,,,,,,,,,,,,,,,,,,,,,,,,
,,,,,,,,,,,,,,,,,,,,,,,,,,
,,,,,,,,,,,,,,,,,,,,,,,,,,
,,,,,,,,,,,,,,,,,,,,,,,,,,
,,,,,,,,,,,,,,,,,,,,,,,,,,
,,,,,,,,,,,,,,,,,,,,,,,,,,
,,,,,,,,,,,,,,,,,,,,,,,,,,
,,,,,,,,,,,,,,,,,,,,,,,,,,
,,,,,,,,,,,,,,,,,,,,,,,,,,
,,,,,,,,,,,,,,,,,,,,,,,,,,
,,,,,,,,,,,,,,,,,,,,,,,,,,
,,,,,,,,,,,,,,,,,,,,,,,,,,
,,,,,,,,,,,,,,,,,,,,,,,,,,
,,,,,,,,,,,,,,,,,,,,,,,,,,
,,,,,,,,,,,,,,,,,,,,,,,,,,
,,,,,,,,,,,,,,,,,,,,,,,,,,
,,,,,,,,,,,,,,,,,,,,,,,,,,
,,,,,,,,,,,,,,,,,,,,,,,,,,
,,,,,,,,,,,,,,,,,,,,,,,,,,
,,,,,,,,,,,,,,,,,,,,,,,,,,
,,,,,,,,,,,,,,,,,,,,,,,,,,
,,,,,,,,,,,,,,,,,,,,,,,,,,
,,,,,,,,,,,,,,,,,,,,,,,,,,
,,,,,,,,,,,,,,,,,,,,,,,,,,
,,,,,,,,,,,,,,,,,,,,,,,,,,
,,,,,,,,,,,,,,,,,,,,,,,,,,
,,,,,,,,,,,,,,,,,,,,,,,,,,
,,,,,,,,,,,,,,,,,,,,,,,,,,
,,,,,,,,,,,,,,,,,,,,,,,,,,
,,,,,,,,,,,,,,,,,,,,,,,,,,
,,,,,,,,,,,,,,,,,,,,,,,,,,
,,,,,,,,,,,,,,,,,,,,,,,,,,
,,,,,,,,,,,,,,,,,,,,,,,,,,
,,,,,,,,,,,,,,,,,,,,,,,,,,
,,,,,,,,,,,,,,,,,,,,,,,,,,
,,,,,,,,,,,,,,,,,,,,,,,,,,
,,,,,,,,,,,,,,,,,,,,,,,,,,
,,,,,,,,,,,,,,,,,,,,,,,,,,
,,,,,,,,,,,,,,,,,,,,,,,,,,
,,,,,,,,,,,,,,,,,,,,,,,,,,
,,,,,,,,,,,,,,,,,,,,,,,,,,
,,,,,,,,,,,,,,,,,,,,,,,,,,
,,,,,,,,,,,,,,,,,,,,,,,,,,
,,,,,,,,,,,,,,,,,,,,,,,,,,
,,,,,,,,,,,,,,,,,,,,,,,,,,
,,,,,,,,,,,,,,,,,,,,,,,,,,
,,,,,,,,,,,,,,,,,,,,,,,,,,
,,,,,,,,,,,,,,,,,,,,,,,,,,
,,,,,,,,,,,,,,,,,,,,,,,,,,
,,,,,,,,,,,,,,,,,,,,,,,,,,
,,,,,,,,,,,,,,,,,,,,,,,,,,
,,,,,,,,,,,,,,,,,,,,,,,,,,
,,,,,,,,,,,,,,,,,,,,,,,,,,
,,,,,,,,,,,,,,,,,,,,,,,,,,
,,,,,,,,,,,,,,,,,,,,,,,,,,
,,,,,,,,,,,,,,,,,,,,,,,,,,
,,,,,,,,,,,,,,,,,,,,,,,,,,
,,,,,,,,,,,,,,,,,,,,,,,,,,
,,,,,,,,,,,,,,,,,,,,,,,,,,
,,,,,,,,,,,,,,,,,,,,,,,,,,
,,,,,,,,,,,,,,,,,,,,,,,,,,
,,,,,,,,,,,,,,,,,,,,,,,,,,
,,,,,,,,,,,,,,,,,,,,,,,,,,
,,,,,,,,,,,,,,,,,,,,,,,,,,
,,,,,,,,,,,,,,,,,,,,,,,,,,
,,,,,,,,,,,,,,,,,,,,,,,,,,
,,,,,,,,,,,,,,,,,,,,,,,,,,
,,,,,,,,,,,,,,,,,,,,,,,,,,
,,,,,,,,,,,,,,,,,,,,,,,,,,
,,,,,,,,,,,,,,,,,,,,,,,,,,
,,,,,,,,,,,,,,,,,,,,,,,,,,
,,,,,,,,,,,,,,,,,,,,,,,,,,
,,,,,,,,,,,,,,,,,,,,,,,,,,
,,,,,,,,,,,,,,,,,,,,,,,,,,
,,,,,,,,,,,,,,,,,,,,,,,,,,
,,,,,,,,,,,,,,,,,,,,,,,,,,
,,,,,,,,,,,,,,,,,,,,,,,,,,
,,,,,,,,,,,,,,,,,,,,,,,,,,
,,,,,,,,,,,,,,,,,,,,,,,,,,
,,,,,,,,,,,,,,,,,,,,,,,,,,
,,,,,,,,,,,,,,,,,,,,,,,,,,
,,,,,,,,,,,,,,,,,,,,,,,,,,
,,,,,,,,,,,,,,,,,,,,,,,,,,
,,,,,,,,,,,,,,,,,,,,,,,,,,
,,,,,,,,,,,,,,,,,,,,,,,,,,
,,,,,,,,,,,,,,,,,,,,,,,,,,
,,,,,,,,,,,,,,,,,,,,,,,,,,
,,,,,,,,,,,,,,,,,,,,,,,,,,
,,,,,,,,,,,,,,,,,,,,,,,,,,
,,,,,,,,,,,,,,,,,,,,,,,,,,
,,,,,,,,,,,,,,,,,,,,,,,,,,
,,,,,,,,,,,,,,,,,,,,,,,,,,
,,,,,,,,,,,,,,,,,,,,,,,,,,
,,,,,,,,,,,,,,,,,,,,,,,,,,
,,,,,,,,,,,,,,,,,,,,,,,,,,
,,,,,,,,,,,,,,,,,,,,,,,,,,
,,,,,,,,,,,,,,,,,,,,,,,,,,
,,,,,,,,,,,,,,,,,,,,,,,,,,
,,,,,,,,,,,,,,,,,,,,,,,,,,
,,,,,,,,,,,,,,,,,,,,,,,,,,
,,,,,,,,,,,,,,,,,,,,,,,,,,
,,,,,,,,,,,,,,,,,,,,,,,,,,
,,,,,,,,,,,,,,,,,,,,,,,,,,
,,,,,,,,,,,,,,,,,,,,,,,,,,
,,,,,,,,,,,,,,,,,,,,,,,,,,
,,,,,,,,,,,,,,,,,,,,,,,,,,
,,,,,,,,,,,,,,,,,,,,,,,,,,
,,,,,,,,,,,,,,,,,,,,,,,,,,
,,,,,,,,,,,,,,,,,,,,,,,,,,
,,,,,,,,,,,,,,,,,,,,,,,,,,
,,,,,,,,,,,,,,,,,,,,,,,,,,
,,,,,,,,,,,,,,,,,,,,,,,,,,
,,,,,,,,,,,,,,,,,,,,,,,,,,
,,,,,,,,,,,,,,,,,,,,,,,,,,
,,,,,,,,,,,,,,,,,,,,,,,,,,
,,,,,,,,,,,,,,,,,,,,,,,,,,
,,,,,,,,,,,,,,,,,,,,,,,,,,
,,,,,,,,,,,,,,,,,,,,,,,,,,
,,,,,,,,,,,,,,,,,,,,,,,,,,
,,,,,,,,,,,,,,,,,,,,,,,,,,
,,,,,,,,,,,,,,,,,,,,,,,,,,
,,,,,,,,,,,,,,,,,,,,,,,,,,
,,,,,,,,,,,,,,,,,,,,,,,,,,
,,,,,,,,,,,,,,,,,,,,,,,,,,
,,,,,,,,,,,,,,,,,,,,,,,,,,
,,,,,,,,,,,,,,,,,,,,,,,,,,
,,,,,,,,,,,,,,,,,,,,,,,,,,
,,,,,,,,,,,,,,,,,,,,,,,,,,
,,,,,,,,,,,,,,,,,,,,,,,,,,
,,,,,,,,,,,,,,,,,,,,,,,,,,
,,,,,,,,,,,,,,,,,,,,,,,,,,
,,,,,,,,,,,,,,,,,,,,,,,,,,
,,,,,,,,,,,,,,,,,,,,,,,,,,
,,,,,,,,,,,,,,,,,,,,,,,,,,
,,,,,,,,,,,,,,,,,,,,,,,,,,
,,,,,,,,,,,,,,,,,,,,,,,,,,
,,,,,,,,,,,,,,,,,,,,,,,,,,
,,,,,,,,,,,,,,,,,,,,,,,,,,
,,,,,,,,,,,,,,,,,,,,,,,,,,
,,,,,,,,,,,,,,,,,,,,,,,,,,
,,,,,,,,,,,,,,,,,,,,,,,,,,
,,,,,,,,,,,,,,,,,,,,,,,,,,
,,,,,,,,,,,,,,,,,,,,,,,,,,
,,,,,,,,,,,,,,,,,,,,,,,,,,
,,,,,,,,,,,,,,,,,,,,,,,,,,
,,,,,,,,,,,,,,,,,,,,,,,,,,
,,,,,,,,,,,,,,,,,,,,,,,,,,
,,,,,,,,,,,,,,,,,,,,,,,,,,
,,,,,,,,,,,,,,,,,,,,,,,,,,
,,,,,,,,,,,,,,,,,,,,,,,,,,
,,,,,,,,,,,,,,,,,,,,,,,,,,
,,,,,,,,,,,,,,,,,,,,,,,,,,
,,,,,,,,,,,,,,,,,,,,,,,,,,
,,,,,,,,,,,,,,,,,,,,,,,,,,
,,,,,,,,,,,,,,,,,,,,,,,,,,
,,,,,,,,,,,,,,,,,,,,,,,,,,
,,,,,,,,,,,,,,,,,,,,,,,,,,
,,,,,,,,,,,,,,,,,,,,,,,,,,
,,,,,,,,,,,,,,,,,,,,,,,,,,
,,,,,,,,,,,,,,,,,,,,,,,,,,
,,,,,,,,,,,,,,,,,,,,,,,,,,
,,,,,,,,,,,,,,,,,,,,,,,,,,
,,,,,,,,,,,,,,,,,,,,,,,,,,
,,,,,,,,,,,,,,,,,,,,,,,,,,
,,,,,,,,,,,,,,,,,,,,,,,,,,
,,,,,,,,,,,,,,,,,,,,,,,,,,
,,,,,,,,,,,,,,,,,,,,,,,,,,
,,,,,,,,,,,,,,,,,,,,,,,,,,
,,,,,,,,,,,,,,,,,,,,,,,,,,
,,,,,,,,,,,,,,,,,,,,,,,,,,
,,,,,,,,,,,,,,,,,,,,,,,,,,
,,,,,,,,,,,,,,,,,,,,,,,,,,
,,,,,,,,,,,,,,,,,,,,,,,,,,
,,,,,,,,,,,,,,,,,,,,,,,,,,
,,,,,,,,,,,,,,,,,,,,,,,,,,
,,,,,,,,,,,,,,,,,,,,,,,,,,
,,,,,,,,,,,,,,,,,,,,,,,,,,
,,,,,,,,,,,,,,,,,,,,,,,,,,
,,,,,,,,,,,,,,,,,,,,,,,,,,
,,,,,,,,,,,,,,,,,,,,,,,,,,
,,,,,,,,,,,,,,,,,,,,,,,,,,
,,,,,,,,,,,,,,,,,,,,,,,,,,
,,,,,,,,,,,,,,,,,,,,,,,,,,
,,,,,,,,,,,,,,,,,,,,,,,,,,
,,,,,,,,,,,,,,,,,,,,,,,,,,
,,,,,,,,,,,,,,,,,,,,,,,,,,
,,,,,,,,,,,,,,,,,,,,,,,,,,
,,,,,,,,,,,,,,,,,,,,,,,,,,
,,,,,,,,,,,,,,,,,,,,,,,,,,
,,,,,,,,,,,,,,,,,,,,,,,,,,
,,,,,,,,,,,,,,,,,,,,,,,,,,
,,,,,,,,,,,,,,,,,,,,,,,,,,
,,,,,,,,,,,,,,,,,,,,,,,,,,
,,,,,,,,,,,,,,,,,,,,,,,,,,
,,,,,,,,,,,,,,,,,,,,,,,,,,
,,,,,,,,,,,,,,,,,,,,,,,,,,
,,,,,,,,,,,,,,,,,,,,,,,,,,
,,,,,,,,,,,,,,,,,,,,,,,,,,
,,,,,,,,,,,,,,,,,,,,,,,,,,
,,,,,,,,,,,,,,,,,,,,,,,,,,
,,,,,,,,,,,,,,,,,,,,,,,,,,
,,,,,,,,,,,,,,,,,,,,,,,,,,
,,,,,,,,,,,,,,,,,,,,,,,,,,
,,,,,,,,,,,,,,,,,,,,,,,,,,
,,,,,,,,,,,,,,,,,,,,,,,,,,
,,,,,,,,,,,,,,,,,,,,,,,,,,
,,,,,,,,,,,,,,,,,,,,,,,,,,
,,,,,,,,,,,,,,,,,,,,,,,,,,
,,,,,,,,,,,,,,,,,,,,,,,,,,
,,,,,,,,,,,,,,,,,,,,,,,,,,
,,,,,,,,,,,,,,,,,,,,,,,,,,
,,,,,,,,,,,,,,,,,,,,,,,,,,
,,,,,,,,,,,,,,,,,,,,,,,,,,
,,,,,,,,,,,,,,,,,,,,,,,,,,
,,,,,,,,,,,,,,,,,,,,,,,,,,
,,,,,,,,,,,,,,,,,,,,,,,,,,
,,,,,,,,,,,,,,,,,,,,,,,,,,
,,,,,,,,,,,,,,,,,,,,,,,,,,
,,,,,,,,,,,,,,,,,,,,,,,,,,
,,,,,,,,,,,,,,,,,,,,,,,,,,
,,,,,,,,,,,,,,,,,,,,,,,,,,
,,,,,,,,,,,,,,,,,,,,,,,,,,
,,,,,,,,,,,,,,,,,,,,,,,,,,
,,,,,,,,,,,,,,,,,,,,,,,,,,
,,,,,,,,,,,,,,,,,,,,,,,,,,
,,,,,,,,,,,,,,,,,,,,,,,,,,
,,,,,,,,,,,,,,,,,,,,,,,,,,
,,,,,,,,,,,,,,,,,,,,,,,,,,
,,,,,,,,,,,,,,,,,,,,,,,,,,
,,,,,,,,,,,,,,,,,,,,,,,,,,
,,,,,,,,,,,,,,,,,,,,,,,,,,
,,,,,,,,,,,,,,,,,,,,,,,,,,
,,,,,,,,,,,,,,,,,,,,,,,,,,
,,,,,,,,,,,,,,,,,,,,,,,,,,
,,,,,,,,,,,,,,,,,,,,,,,,,,
,,,,,,,,,,,,,,,,,,,,,,,,,,
,,,,,,,,,,,,,,,,,,,,,,,,,,
,,,,,,,,,,,,,,,,,,,,,,,,,,
,,,,,,,,,,,,,,,,,,,,,,,,,,
,,,,,,,,,,,,,,,,,,,,,,,,,,
,,,,,,,,,,,,,,,,,,,,,,,,,,
,,,,,,,,,,,,,,,,,,,,,,,,,,
,,,,,,,,,,,,,,,,,,,,,,,,,,
,,,,,,,,,,,,,,,,,,,,,,,,,,
,,,,,,,,,,,,,,,,,,,,,,,,,,
,,,,,,,,,,,,,,,,,,,,,,,,,,
,,,,,,,,,,,,,,,,,,,,,,,,,,
,,,,,,,,,,,,,,,,,,,,,,,,,,
,,,,,,,,,,,,,,,,,,,,,,,,,,
,,,,,,,,,,,,,,,,,,,,,,,,,,
,,,,,,,,,,,,,,,,,,,,,,,,,,
,,,,,,,,,,,,,,,,,,,,,,,,,,
,,,,,,,,,,,,,,,,,,,,,,,,,,
,,,,,,,,,,,,,,,,,,,,,,,,,,
,,,,,,,,,,,,,,,,,,,,,,,,,,
,,,,,,,,,,,,,,,,,,,,,,,,,,
,,,,,,,,,,,,,,,,,,,,,,,,,,
,,,,,,,,,,,,,,,,,,,,,,,,,,
,,,,,,,,,,,,,,,,,,,,,,,,,,
,,,,,,,,,,,,,,,,,,,,,,,,,,
,,,,,,,,,,,,,,,,,,,,,,,,,,
,,,,,,,,,,,,,,,,,,,,,,,,,,
,,,,,,,,,,,,,,,,,,,,,,,,,,
,,,,,,,,,,,,,,,,,,,,,,,,,,
,,,,,,,,,,,,,,,,,,,,,,,,,,
,,,,,,,,,,,,,,,,,,,,,,,,,,
,,,,,,,,,,,,,,,,,,,,,,,,,,
,,,,,,,,,,,,,,,,,,,,,,,,,,
,,,,,,,,,,,,,,,,,,,,,,,,,,
,,,,,,,,,,,,,,,,,,,,,,,,,,
,,,,,,,,,,,,,,,,,,,,,,,,,,
,,,,,,,,,,,,,,,,,,,,,,,,,,
,,,,,,,,,,,,,,,,,,,,,,,,,,
,,,,,,,,,,,,,,,,,,,,,,,,,,
,,,,,,,,,,,,,,,,,,,,,,,,,,
,,,,,,,,,,,,,,,,,,,,,,,,,,
,,,,,,,,,,,,,,,,,,,,,,,,,,
,,,,,,,,,,,,,,,,,,,,,,,,,,
,,,,,,,,,,,,,,,,,,,,,,,,,,
,,,,,,,,,,,,,,,,,,,,,,,,,,
,,,,,,,,,,,,,,,,,,,,,,,,,,
,,,,,,,,,,,,,,,,,,,,,,,,,,
,,,,,,,,,,,,,,,,,,,,,,,,,,
,,,,,,,,,,,,,,,,,,,,,,,,,,
,,,,,,,,,,,,,,,,,,,,,,,,,,
,,,,,,,,,,,,,,,,,,,,,,,,,,
,,,,,,,,,,,,,,,,,,,,,,,,,,
,,,,,,,,,,,,,,,,,,,,,,,,,,
,,,,,,,,,,,,,,,,,,,,,,,,,,
,,,,,,,,,,,,,,,,,,,,,,,,,,
,,,,,,,,,,,,,,,,,,,,,,,,,,
,,,,,,,,,,,,,,,,,,,,,,,,,,
,,,,,,,,,,,,,,,,,,,,,,,,,,
,,,,,,,,,,,,,,,,,,,,,,,,,,
,,,,,,,,,,,,,,,,,,,,,,,,,,
,,,,,,,,,,,,,,,,,,,,,,,,,,
,,,,,,,,,,,,,,,,,,,,,,,,,,
,,,,,,,,,,,,,,,,,,,,,,,,,,
,,,,,,,,,,,,,,,,,,,,,,,,,,
,,,,,,,,,,,,,,,,,,,,,,,,,,
,,,,,,,,,,,,,,,,,,,,,,,,,,
,,,,,,,,,,,,,,,,,,,,,,,,,,
,,,,,,,,,,,,,,,,,,,,,,,,,,
,,,,,,,,,,,,,,,,,,,,,,,,,,
,,,,,,,,,,,,,,,,,,,,,,,,,,
,,,,,,,,,,,,,,,,,,,,,,,,,,
,,,,,,,,,,,,,,,,,,,,,,,,,,
,,,,,,,,,,,,,,,,,,,,,,,,,,
,,,,,,,,,,,,,,,,,,,,,,,,,,
,,,,,,,,,,,,,,,,,,,,,,,,,,
,,,,,,,,,,,,,,,,,,,,,,,,,,
,,,,,,,,,,,,,,,,,,,,,,,,,,
,,,,,,,,,,,,,,,,,,,,,,,,,,
,,,,,,,,,,,,,,,,,,,,,,,,,,
,,,,,,,,,,,,,,,,,,,,,,,,,,
,,,,,,,,,,,,,,,,,,,,,,,,,,
,,,,,,,,,,,,,,,,,,,,,,,,,,
,,,,,,,,,,,,,,,,,,,,,,,,,,
,,,,,,,,,,,,,,,,,,,,,,,,,,
,,,,,,,,,,,,,,,,,,,,,,,,,,
,,,,,,,,,,,,,,,,,,,,,,,,,,
,,,,,,,,,,,,,,,,,,,,,,,,,,
,,,,,,,,,,,,,,,,,,,,,,,,,,
,,,,,,,,,,,,,,,,,,,,,,,,,,
,,,,,,,,,,,,,,,,,,,,,,,,,,
,,,,,,,,,,,,,,,,,,,,,,,,,,
,,,,,,,,,,,,,,,,,,,,,,,,,,
,,,,,,,,,,,,,,,,,,,,,,,,,,
,,,,,,,,,,,,,,,,,,,,,,,,,,
,,,,,,,,,,,,,,,,,,,,,,,,,,
,,,,,,,,,,,,,,,,,,,,,,,,,,
,,,,,,,,,,,,,,,,,,,,,,,,,,
,,,,,,,,,,,,,,,,,,,,,,,,,,
,,,,,,,,,,,,,,,,,,,,,,,,,,
,,,,,,,,,,,,,,,,,,,,,,,,,,
,,,,,,,,,,,,,,,,,,,,,,,,,,
,,,,,,,,,,,,,,,,,,,,,,,,,,
,,,,,,,,,,,,,,,,,,,,,,,,,,
,,,,,,,,,,,,,,,,,,,,,,,,,,
,,,,,,,,,,,,,,,,,,,,,,,,,,
,,,,,,,,,,,,,,,,,,,,,,,,,,
,,,,,,,,,,,,,,,,,,,,,,,,,,
,,,,,,,,,,,,,,,,,,,,,,,,,,
,,,,,,,,,,,,,,,,,,,,,,,,,,
,,,,,,,,,,,,,,,,,,,,,,,,,,
,,,,,,,,,,,,,,,,,,,,,,,,,,
,,,,,,,,,,,,,,,,,,,,,,,,,,
,,,,,,,,,,,,,,,,,,,,,,,,,,
,,,,,,,,,,,,,,,,,,,,,,,,,,
,,,,,,,,,,,,,,,,,,,,,,,,,,
,,,,,,,,,,,,,,,,,,,,,,,,,,
,,,,,,,,,,,,,,,,,,,,,,,,,,
,,,,,,,,,,,,,,,,,,,,,,,,,,
,,,,,,,,,,,,,,,,,,,,,,,,,,
,,,,,,,,,,,,,,,,,,,,,,,,,,
,,,,,,,,,,,,,,,,,,,,,,,,,,
,,,,,,,,,,,,,,,,,,,,,,,,,,
,,,,,,,,,,,,,,,,,,,,,,,,,,
,,,,,,,,,,,,,,,,,,,,,,,,,,
,,,,,,,,,,,,,,,,,,,,,,,,,,
,,,,,,,,,,,,,,,,,,,,,,,,,,
,,,,,,,,,,,,,,,,,,,,,,,,,,
,,,,,,,,,,,,,,,,,,,,,,,,,,
,,,,,,,,,,,,,,,,,,,,,,,,,,
,,,,,,,,,,,,,,,,,,,,,,,,,,
,,,,,,,,,,,,,,,,,,,,,,,,,,
,,,,,,,,,,,,,,,,,,,,,,,,,,
,,,,,,,,,,,,,,,,,,,,,,,,,,
,,,,,,,,,,,,,,,,,,,,,,,,,,
,,,,,,,,,,,,,,,,,,,,,,,,,,
,,,,,,,,,,,,,,,,,,,,,,,,,,
,,,,,,,,,,,,,,,,,,,,,,,,,,
,,,,,,,,,,,,,,,,,,,,,,,,,,
,,,,,,,,,,,,,,,,,,,,,,,,,,
,,,,,,,,,,,,,,,,,,,,,,,,,,
,,,,,,,,,,,,,,,,,,,,,,,,,,
,,,,,,,,,,,,,,,,,,,,,,,,,,
,,,,,,,,,,,,,,,,,,,,,,,,,,
,,,,,,,,,,,,,,,,,,,,,,,,,,
,,,,,,,,,,,,,,,,,,,,,,,,,,
,,,,,,,,,,,,,,,,,,,,,,,,,,
,,,,,,,,,,,,,,,,,,,,,,,,,,
,,,,,,,,,,,,,,,,,,,,,,,,,,
,,,,,,,,,,,,,,,,,,,,,,,,,,
,,,,,,,,,,,,,,,,,,,,,,,,,,
,,,,,,,,,,,,,,,,,,,,,,,,,,
,,,,,,,,,,,,,,,,,,,,,,,,,,
,,,,,,,,,,,,,,,,,,,,,,,,,,
,,,,,,,,,,,,,,,,,,,,,,,,,,
,,,,,,,,,,,,,,,,,,,,,,,,,,
,,,,,,,,,,,,,,,,,,,,,,,,,,
,,,,,,,,,,,,,,,,,,,,,,,,,,
,,,,,,,,,,,,,,,,,,,,,,,,,,
,,,,,,,,,,,,,,,,,,,,,,,,,,
,,,,,,,,,,,,,,,,,,,,,,,,,,
,,,,,,,,,,,,,,,,,,,,,,,,,,
,,,,,,,,,,,,,,,,,,,,,,,,,,
,,,,,,,,,,,,,,,,,,,,,,,,,,
,,,,,,,,,,,,,,,,,,,,,,,,,,
,,,,,,,,,,,,,,,,,,,,,,,,,,
,,,,,,,,,,,,,,,,,,,,,,,,,,
,,,,,,,,,,,,,,,,,,,,,,,,,,
,,,,,,,,,,,,,,,,,,,,,,,,,,
,,,,,,,,,,,,,,,,,,,,,,,,,,
,,,,,,,,,,,,,,,,,,,,,,,,,,
,,,,,,,,,,,,,,,,,,,,,,,,,,
,,,,,,,,,,,,,,,,,,,,,,,,,,
,,,,,,,,,,,,,,,,,,,,,,,,,,
,,,,,,,,,,,,,,,,,,,,,,,,,,
,,,,,,,,,,,,,,,,,,,,,,,,,,
,,,,,,,,,,,,,,,,,,,,,,,,,,
,,,,,,,,,,,,,,,,,,,,,,,,,,
,,,,,,,,,,,,,,,,,,,,,,,,,,
,,,,,,,,,,,,,,,,,,,,,,,,,,
,,,,,,,,,,,,,,,,,,,,,,,,,,
,,,,,,,,,,,,,,,,,,,,,,,,,,
,,,,,,,,,,,,,,,,,,,,,,,,,,
,,,,,,,,,,,,,,,,,,,,,,,,,,
,,,,,,,,,,,,,,,,,,,,,,,,,,
,,,,,,,,,,,,,,,,,,,,,,,,,,
,,,,,,,,,,,,,,,,,,,,,,,,,,
,,,,,,,,,,,,,,,,,,,,,,,,,,
,,,,,,,,,,,,,,,,,,,,,,,,,,
,,,,,,,,,,,,,,,,,,,,,,,,,,
,,,,,,,,,,,,,,,,,,,,,,,,,,
,,,,,,,,,,,,,,,,,,,,,,,,,,
,,,,,,,,,,,,,,,,,,,,,,,,,,
,,,,,,,,,,,,,,,,,,,,,,,,,,
,,,,,,,,,,,,,,,,,,,,,,,,,,
,,,,,,,,,,,,,,,,,,,,,,,,,,
,,,,,,,,,,,,,,,,,,,,,,,,,,
,,,,,,,,,,,,,,,,,,,,,,,,,,
,,,,,,,,,,,,,,,,,,,,,,,,,,
,,,,,,,,,,,,,,,,,,,,,,,,,,
,,,,,,,,,,,,,,,,,,,,,,,,,,
,,,,,,,,,,,,,,,,,,,,,,,,,,
,,,,,,,,,,,,,,,,,,,,,,,,,,
,,,,,,,,,,,,,,,,,,,,,,,,,,
,,,,,,,,,,,,,,,,,,,,,,,,,,
,,,,,,,,,,,,,,,,,,,,,,,,,,
,,,,,,,,,,,,,,,,,,,,,,,,,,
,,,,,,,,,,,,,,,,,,,,,,,,,,
,,,,,,,,,,,,,,,,,,,,,,,,,,
,,,,,,,,,,,,,,,,,,,,,,,,,,
,,,,,,,,,,,,,,,,,,,,,,,,,,
,,,,,,,,,,,,,,,,,,,,,,,,,,
,,,,,,,,,,,,,,,,,,,,,,,,,,
,,,,,,,,,,,,,,,,,,,,,,,,,,
,,,,,,,,,,,,,,,,,,,,,,,,,,
,,,,,,,,,,,,,,,,,,,,,,,,,,
,,,,,,,,,,,,,,,,,,,,,,,,,,
,,,,,,,,,,,,,,,,,,,,,,,,,,
,,,,,,,,,,,,,,,,,,,,,,,,,,
,,,,,,,,,,,,,,,,,,,,,,,,,,
,,,,,,,,,,,,,,,,,,,,,,,,,,
,,,,,,,,,,,,,,,,,,,,,,,,,,
,,,,,,,,,,,,,,,,,,,,,,,,,,
,,,,,,,,,,,,,,,,,,,,,,,,,,
,,,,,,,,,,,,,,,,,,,,,,,,,,
,,,,,,,,,,,,,,,,,,,,,,,,,,
,,,,,,,,,,,,,,,,,,,,,,,,,,
,,,,,,,,,,,,,,,,,,,,,,,,,,
,,,,,,,,,,,,,,,,,,,,,,,,,,
,,,,,,,,,,,,,,,,,,,,,,,,,,
,,,,,,,,,,,,,,,,,,,,,,,,,,
,,,,,,,,,,,,,,,,,,,,,,,,,,
,,,,,,,,,,,,,,,,,,,,,,,,,,
,,,,,,,,,,,,,,,,,,,,,,,,,,
,,,,,,,,,,,,,,,,,,,,,,,,,,
,,,,,,,,,,,,,,,,,,,,,,,,,,
,,,,,,,,,,,,,,,,,,,,,,,,,,
,,,,,,,,,,,,,,,,,,,,,,,,,,
,,,,,,,,,,,,,,,,,,,,,,,,,,
,,,,,,,,,,,,,,,,,,,,,,,,,,
,,,,,,,,,,,,,,,,,,,,,,,,,,
,,,,,,,,,,,,,,,,,,,,,,,,,,
,,,,,,,,,,,,,,,,,,,,,,,,,,
,,,,,,,,,,,,,,,,,,,,,,,,,,
,,,,,,,,,,,,,,,,,,,,,,,,,,
,,,,,,,,,,,,,,,,,,,,,,,,,,
,,,,,,,,,,,,,,,,,,,,,,,,,,
,,,,,,,,,,,,,,,,,,,,,,,,,,
,,,,,,,,,,,,,,,,,,,,,,,,,,
,,,,,,,,,,,,,,,,,,,,,,,,,,
,,,,,,,,,,,,,,,,,,,,,,,,,,
,,,,,,,,,,,,,,,,,,,,,,,,,,
,,,,,,,,,,,,,,,,,,,,,,,,,,
,,,,,,,,,,,,,,,,,,,,,,,,,,
,,,,,,,,,,,,,,,,,,,,,,,,,,
,,,,,,,,,,,,,,,,,,,,,,,,,,
,,,,,,,,,,,,,,,,,,,,,,,,,,
,,,,,,,,,,,,,,,,,,,,,,,,,,
,,,,,,,,,,,,,,,,,,,,,,,,,,
,,,,,,,,,,,,,,,,,,,,,,,,,,
,,,,,,,,,,,,,,,,,,,,,,,,,,
,,,,,,,,,,,,,,,,,,,,,,,,,,
,,,,,,,,,,,,,,,,,,,,,,,,,,
,,,,,,,,,,,,,,,,,,,,,,,,,,
,,,,,,,,,,,,,,,,,,,,,,,,,,
,,,,,,,,,,,,,,,,,,,,,,,,,,
,,,,,,,,,,,,,,,,,,,,,,,,,,
,,,,,,,,,,,,,,,,,,,,,,,,,,
,,,,,,,,,,,,,,,,,,,,,,,,,,
,,,,,,,,,,,,,,,,,,,,,,,,,,
,,,,,,,,,,,,,,,,,,,,,,,,,,
,,,,,,,,,,,,,,,,,,,,,,,,,,
,,,,,,,,,,,,,,,,,,,,,,,,,,
,,,,,,,,,,,,,,,,,,,,,,,,,,
,,,,,,,,,,,,,,,,,,,,,,,,,,
,,,,,,,,,,,,,,,,,,,,,,,,,,
,,,,,,,,,,,,,,,,,,,,,,,,,,
,,,,,,,,,,,,,,,,,,,,,,,,,,
,,,,,,,,,,,,,,,,,,,,,,,,,,
,,,,,,,,,,,,,,,,,,,,,,,,,,
,,,,,,,,,,,,,,,,,,,,,,,,,,
,,,,,,,,,,,,,,,,,,,,,,,,,,
,,,,,,,,,,,,,,,,,,,,,,,,,,
,,,,,,,,,,,,,,,,,,,,,,,,,,
,,,,,,,,,,,,,,,,,,,,,,,,,,
,,,,,,,,,,,,,,,,,,,,,,,,,,
,,,,,,,,,,,,,,,,,,,,,,,,,,
,,,,,,,,,,,,,,,,,,,,,,,,,,
,,,,,,,,,,,,,,,,,,,,,,,,,,
,,,,,,,,,,,,,,,,,,,,,,,,,,
,,,,,,,,,,,,,,,,,,,,,,,,,,
,,,,,,,,,,,,,,,,,,,,,,,,,,
,,,,,,,,,,,,,,,,,,,,,,,,,,
,,,,,,,,,,,,,,,,,,,,,,,,,,
,,,,,,,,,,,,,,,,,,,,,,,,,,
,,,,,,,,,,,,,,,,,,,,,,,,,,
,,,,,,,,,,,,,,,,,,,,,,,,,,
,,,,,,,,,,,,,,,,,,,,,,,,,,
,,,,,,,,,,,,,,,,,,,,,,,,,,
,,,,,,,,,,,,,,,,,,,,,,,,,,
,,,,,,,,,,,,,,,,,,,,,,,,,,
,,,,,,,,,,,,,,,,,,,,,,,,,,
,,,,,,,,,,,,,,,,,,,,,,,,,,
,,,,,,,,,,,,,,,,,,,,,,,,,,
,,,,,,,,,,,,,,,,,,,,,,,,,,
,,,,,,,,,,,,,,,,,,,,,,,,,,
,,,,,,,,,,,,,,,,,,,,,,,,,,
,,,,,,,,,,,,,,,,,,,,,,,,,,
,,,,,,,,,,,,,,,,,,,,,,,,,,
,,,,,,,,,,,,,,,,,,,,,,,,,,
,,,,,,,,,,,,,,,,,,,,,,,,,,
,,,,,,,,,,,,,,,,,,,,,,,,,,
,,,,,,,,,,,,,,,,,,,,,,,,,,
,,,,,,,,,,,,,,,,,,,,,,,,,,
,,,,,,,,,,,,,,,,,,,,,,,,,,
,,,,,,,,,,,,,,,,,,,,,,,,,,
,,,,,,,,,,,,,,,,,,,,,,,,,,
,,,,,,,,,,,,,,,,,,,,,,,,,,
,,,,,,,,,,,,,,,,,,,,,,,,,,
,,,,,,,,,,,,,,,,,,,,,,,,,,
,,,,,,,,,,,,,,,,,,,,,,,,,,
,,,,,,,,,,,,,,,,,,,,,,,,,,
,,,,,,,,,,,,,,,,,,,,,,,,,,
,,,,,,,,,,,,,,,,,,,,,,,,,,
,,,,,,,,,,,,,,,,,,,,,,,,,,
,,,,,,,,,,,,,,,,,,,,,,,,,,
,,,,,,,,,,,,,,,,,,,,,,,,,,
,,,,,,,,,,,,,,,,,,,,,,,,,,
,,,,,,,,,,,,,,,,,,,,,,,,,,
,,,,,,,,,,,,,,,,,,,,,,,,,,
,,,,,,,,,,,,,,,,,,,,,,,,,,