source_site,apply_url,Title,role,Shift(s),employment_type,state,city,zip_code,Description,pay,setting_type
"Colonial Health & Rehab Center of Plainfield, LLC",https://colonialhr.com/careers/,Certfied Nursing Assistants (CNA) 2nd Shift | FT & PT,CNA,2nd (1:30PM-9:30PM),"Full Time (32 Hours), Part Time (24 Hours)",CT,Plainfield,6374,"Full Time (32 hours) & Part Time (24 Hours), 2nd Shift (1:30PM-9:30PM). Responsible for providing residents with routine daily and restorative nursing care and services in accordance with the residents assessment, care plans, and as directed by the supervisors. Ensures resident’s needs are met while maintaining the highest degree of dignity. Active CNA Certificate in the State of Connecticut required. Long term care experience preferred. Point Click Care software preferred.
Vacation after one year, sick pay accrued by CT paid sick leave, & personal days. no cost insurance after probationary period (including vision and dental) deductible fully funded by employer.

New Starting rate $20.02 plus $2.00 shift differential (2nd and 3rd) and $3.75 more for off weekend/12 hour shift",$20.02,snf
"Colonial Health & Rehab Center of Plainfield, LLC",https://colonialhr.com/careers/,Licensed Practical Nurse (LPN) 2nd Shift | FT& PT,LPN,2nd (3p-11p),"Full Time (32 Hours), Part Time (24 Hours)",CT,Plainfield,6374,"Full Time (32 hours) & Part Time (24 Hours), 2nd Shift (1:30PM-9:30PM). Responsible for providing residents with routine daily and restorative nursing care and services in accordance with the residents assessment, care plans, and as directed by the supervisors. Ensures resident’s needs are met while maintaining the highest degree of dignity. Active CNA Certificate in the State of Connecticut required. Long term care experience preferred. Point Click Care software preferred.
Vacation after one year, sick pay accrued by CT paid sick leave, & personal days. no cost insurance after probationary period (including vision and dental) deductible fully funded by employer.

New Starting rate $20.02 plus $2.00 shift differential (2nd and 3rd) and $3.75 more for off weekend/12 hour shift",$31.92,snf
"Colonial Health & Rehab Center of Plainfield, LLC",https://colonialhr.com/careers/,Licensed Practical Nurse (LPN) 2nd Shift | FT& PT,LPN,3rd (11p-7a),Part Time,CT,Plainfield,6374,"Full Time (32 hours) & Part Time (24 Hours), 2nd Shift (1:30PM-9:30PM). Responsible for providing residents with routine daily and restorative nursing care and services in accordance with the residents assessment, care plans, and as directed by the supervisors. Ensures resident’s needs are met while maintaining the highest degree of dignity. Active CNA Certificate in the State of Connecticut required. Long term care experience preferred. Point Click Care software preferred.
Vacation after one year, sick pay accrued by CT paid sick leave, & personal days. no cost insurance after probationary period (including vision and dental) deductible fully funded by employer.

New Starting rate $20.02 plus $2.00 shift differential (2nd and 3rd) and $3.75 more for off weekend/12 hour shift",$31.92,snf
"Colonial Health & Rehab Center of Plainfield, LLC",https://colonialhr.com/careers/,Registered Nurse (RN) | Full Time,RN,3rd (11p-7a),Full Time (32 Hours),CT,Plainfield,6374,"Full Time (32 hours)  Assists the Director of Nursing Services in planning, organizing, developing, and directing the day to day functions. Registered Nurse Degree Required, Progressive clinical management/administrative experience-long term care experience preferred. Active RN License in the state of CT required & active CPR Certificate required. New starting base rate $42.00 plus $3.00 supervisor differential, $6.00 2nd and 3rd shift differential.

Vacation after 1 year (12 days ) & Personal after 1 year, Sick time accrued per CT Sick leave.

401k- 4% employer match and 9.5% employer contribution

No cost insurance after probationary period (including vision and dental) deductible fully funded by employer

long term care experience preferred

point click care experience preferred",$42.00,snf
Connecticut Baptist Homes,https://www.ctbaptisthomes.org/careers/open-positions/?id=87649,Registered Nurse (RN) | Charge Nurse,RN,"7-3, 3-11, 11-7","Part Time, Per Diem",CT,Meriden,6450,"Description
Part Time, Per Diem 
Shifts Available:  7-3, 3-11, 11-7
May include every other weekend
Some Holidays required
 

Requirements
Providing nursing care within their scope of practice
Performing appropriate segments of the prescribed medical regime for an assigned group of patients
May act as supervisor
Experience

Long Term Care: Experience Preferred
Skills and Competencies

Ability to read, write, speak, and understand the English language clearly
Must be able to relate to older people in a dignified manner and build a relationship with residents that are positive and supportive.
Competent use of equipment such as mechanical lifts, scales, and assistive mobility devices.
Must be physically able to lift and carry moderately heavy loads and walk and stand for extended periods.
Working knowledge of computers and ability to learn and utilize electronic documentation.
Must possess leadership and supervisory ability with strong teamwork willingness and aptitude.
LICENSE
Valid State of Connecticut license as Registered Nurse.

 

You can email your resume or application using the form below, or reach out to our Human Resources Department at 203-237-1206.
",,snf
Connecticut Baptist Homes,https://www.ctbaptisthomes.org/careers/open-positions/?id=90602,"Certfied Nursing Assistants (CNA) All Shifts | FT, PT & Per Diem",CNA,"7-3, 3-11, 11-7","Full Time, Part Time, Per Diem",CT,Meriden,6450,"Description
Full Time, Part Time, Per Diem 
Shifts Available:  7-3, 3-11, 11-7
May include every other weekend
Some Holidays required
 

Requirements
Assisting residents with daily activities such as bathing, dressing, and eating
Monitoring and recording vital signs and patient information
Providing emotional support and companionship to residents
Following care plans and reporting any changes in patient condition
Ensuring resident comfort and safety at all times
Collaborating with healthcare team members to provide high-quality patient care
Adhering to HIPAA regulations and maintaining patient confidentiality
Demonstrating proficiency in using EMR and EHR systems for accurate medical documentation (Point Click Care)
Experience

Long Term Care: Experience Preferred
Skills and Competencies

Holds a valid CNA certification and demonstrates proficiency in basic life support, patient care, and medical documentation. 
Ability to read, write, speak, and understand the English language clearly
Must be able to relate to older people in a dignified manner and build a relationship with residents that are positive and supportive.
Competent use of equipment such as mechanical lifts, scales, and assistive mobility devices.
Must be physically able to lift and carry moderately heavy loads and walk and stand for extended periods.
Possesses knowledge of EMR and EHR systems, HIPAA regulations, and medical terminology. 
Premium skills include Alzheimer's care, and working in long-term care facilities. 
Certification

Valid Certification as a Certified Nursing Assistant
 

You can email your resume or application using the form below, or reach out to our Human Resources Department at 203-237-1206.",,snf
Gladeview Health Care Center,https://form.jotform.com/73394999802171,Certfied Nursing Assistants (CNA) All Shifts | Full Time & Part Time,CNA,"7-3, 3-11, 11-7","Full Time, Part Time",CT,Old Saybrook,6475,"Gladeview is the premier Rehabilitation & Health Care Center overlooking the Ragged Rock Marina and Long Island Sound in scenic Old Saybrook, CT. We specialize in short term, long term care and hospice care.We are privately owned and operated and have a family atmosphere that is unmatched by any other skilled nursing facility.

MINIMUM STARTING RATE OF_ $20.50 for newly licensed_ CNA's PLUS Shift Differentials. More years of expereince higher pay..

Starting rate is based on years of experience, the higher experience the higher starting rate.

FULL TIME/PART TIME/PER DIEM Certified Nursing Assistants for IMMEDIATE OPENINGS FOR the following shifts:

7am TO 3pm
3pm TO 11pm
Per diem 11pm-7am
***Also Offering $2000.00 SIGN ON BONUS Full Time Staff, $1000 for Part Time Staff 24 hrs week***

All applicants must pass a thorough background check, current in the State of Connecticut Registry and in good standing, and have 3 professional references.

We offer excellent benefits for employees including:

401k - Profit share plan (6% of your annual wages)
vacation/sick/personal time
paid Holidays
health, dental and vision insurance including HSA and HRA's (Several medical plans to choose from as low as $14.50 a week)
Disability insurance
Life Insurance
Very competitive wages based on years of experience plus additional:

nights and weekend shift differentials
Referral Bonus
Shift Pick up Bonus
Please be sure to specify what shift and hours you are applying for

Job Types: Full-time, Part-time

Benefits:

401(k)
401(k) matching
Dental insurance
Disability insurance
Health insurance
Health savings account
Life insurance
Paid orientation
Paid sick time
Paid time off
Vision insurance
Physical Setting:

Long term care
Nursing home
Rehabilitation center
Supplemental Pay:

Bonus opportunities
Differential pay
Signing bonus
License/Certification:

Connecticut CNA license (Required)
Shift availability:

Day Shift (Preferred)
Night Shift (Preferred)
Overnight Shift (Preferred)",,snf
McLean Health Center,https://mcleancare.org/careers/,Assisted Living Nurse Aides - CNA,CNA,"Day (7A-3:30P), Evening (3p-11:30p), Overnight (11p-7:30a)","Full Time, Part-Time, Perdiem",CT,Simsbury,6070,"We are looking for caring and compassionate certified nurse aides (CNAs) to offer top notch care for our residents. We offer excellent patient to aide ratios along with a supportive, friendly, team environment with patient centered care - always the goal. Located in beautiful Simsbury - we are a 15-20 ride from Bloomfield, Hartford/West Hartford, Torrington, Canton, Avon, Bristol, Burlington, Farmington and Winsted. We are a 5-star CMS rated facility celebrating 54 years of excellence in 2025!

Days - 7am-3:30pm, evenings 3PM-11:30PM or nights 11p-7:30a - includes every other weekend
Full-time and part-time
per diem positions are also available
Teamwork, respect, honesty, helpful, good, caring, dedicated, empathy, loving – just some of the words used by our employees to describe whey they enjoy working at McLean!

We offer full benefits including a paid retirement plan, Medical, Dental, Vision and Life Insurance along with 3 weeks of PTO and 6 paid holidays. We have a 25% weekend differential with competitive hourly pay rates. Call us today to see why McLean care is the best care!

Rotating two-week schedule including every other weekend and a yearly holiday rotation schedule

Must be able to work well with all team members
Computer skills are necessary for CNA documentation",$17,mixed
McLean Health Center,https://mcleancare.org/careers/,Home Health Aide/CNA,HHA/CNA,Day,Full-Time,CT,Simsbury,6070,"We are looking for a Home Health Aide to care for our home care and hospice patients in the Farmington Valley and West Hartford areas - in their homes or in skilled nursing/assisted living facilities. 35 hours weekly with 1 weekend a month rotation. Cases are 1 or 2 hours for each patient. Paid mileage weekly along with a good work life balance. Must have current CT Nurse Aide registration and reliable transportation. Full benefits along with 15% weekend differential.

Job Type: Full-time

Pay: From $18.00 per hour

Benefits:

401(k)
AD&D insurance
Dental insurance
Flexible spending account
Health insurance
Life insurance
Mileage reimbursement
Paid time off
Retirement plan
Vision insurance
Medical Specialty:

Geriatrics
Home Health
Work Location: On the road",$18,mixed
Beechwood Post-Acute & Transitional Care,https://www.beechwoodrehab.net/careers,Full Time RN Registered Nurse Sign On BONUS,RN,3p-11p,Full-Time (32 hours),CT,New London,6320,"Full Time Position:
Full Time- 3AM - 11PM 32 hrs. Charge Nurse RN, Every Other Weekend Supervisor, $4,000 sign-on bonus.

At Beechwood Health & Rehabilitation Center, we are expanding our team of licensed staff and C.N.A.s to continue providing 5-star quality care. Great place to work, 80% of Beechwood staff would recommend Beechwood to their friends and family. Beechwood is committed to growth and excellence. We recruit only the best of the best, if that is you, come join our team of compassionate caregivers.

Opportunities Available:

Full Time- 3AM - 11PM 32 hrs. Charge Nurse RN, Every Other Weekend Supervisor,
The Beechwood Difference.

Top Performer: Consistently ranked as a Top Performer by US News and World Report.
5-Star Quality Care: We pride ourselves on delivering exceptional care.
Home Away from Home: Our facility is designed to be a comfortable, modern, and well-equipped environment for both residents and staff.
Premier Facility: A 60-bed skilled nursing facility offering both short-term and long-term care in New London County.
Experienced Team: Join a community of compassionate caregivers with an average employee tenure of 10 years.
What We Offer:

Enjoyable work environment where you feel supported.
Highest staff to patient ratio in New London
Competitive Wage Structure
RN Supervisor $50 - $53 hr.
Sign On-bonus $4000
Shift Differentials
Beechwood has been serving the greater New London community for over 50 years. Come see for yourself the difference you can make by joining our family. Contact us today to learn more about these exciting opportunities!

Apply Now and Be Part of the Beechwood difference! an equal opportunity employer.",$50-53,snf
Beechwood Post-Acute & Transitional Care,https://www.beechwoodrehab.net/careers,Director of Nursing (RN) Skilled Nursing Facility,RN,,Full-Time,CT,New London,6320,"Beechwood Health & Rehabiliation Center, a 60 bed Short-Term Rehab and Skilled Nursing Facility located in New London, CT is seeking an enthusiastic and experience Director of Nursing to join our amazing team!

A great opportunity for an ANDS who is ready to take it to the next level.


Summary of position: The primary purpose of the Director of Nursing position is to plan, organize, develop and direct the overall operation of our Nursing Service Department in accordance with current federal, state, and local standards, guidelines, and regulations that govern our Center, and as may be directed by the Administrator and the Medical Director, to ensure that the highest degree of quality care is maintained at all times.

Director of Nursing Requirements:

1. Must possess, a valid CT RN state license and a Nursing Degree from an accredited college or university preferred.

2. Must have, as a minimum, three (3) years of experience as a supervisor in a hospital, nursing care facility, or other related health care facility.

3. Director of Nursing Services experience in a Nursing Facility is preferred but for the right candidate not required.

At Beechwood Health & Rehabilitation Center, we are expanding our team of licensed staff and C.N.A.s to continue providing 5-star quality care. Great place to work, 80% of Beechwood staff would recommend Beechwood to their friends and family. Beechwood is committed to growth and excellence. We recruit only the best of the best, if that is you, come join our team of compassionate caregivers.

The Beechwood Difference.

Top Performer: Consistently ranked as a Top Performer by US News and World Report.
5-Star Quality Care: We pride ourselves on delivering exceptional care.
Home Away from Home: Our facility is designed to be a comfortable, modern, and well-equipped environment for both residents and staff.
Premier Facility: A 60-bed skilled nursing facility offering both short-term and long-term care in New London County.
Experienced Team: Join a community of compassionate caregivers with an average employee tenure of 10 years.
What We Offer:

Enjoyable work environment where you feel supported.
Highest staff to patient ratio in New London
Competitive Wage Structure
Beechwood has been serving the greater New London community for over 50 years. Come see for yourself the difference you can make by joining our family. Contact us today to learn more about these exciting opportunities!

Apply Now and Be Part of the Beechwood difference! an equal opportunity employer.

Benefits for Full time eligible employees include:

Health, Life insurance, disability, and other options

401K

Vacation and Sick time",,snf
Beechwood Post-Acute & Transitional Care,https://www.beechwoodrehab.net/careers,Infection Prevention Staff Development RN,RN,,Full-Time,CT,New London,6320,"Beechwood Health & Rehabiliation Center, located in New London, CT is seeking an enthusiastic and experienced Infection Preventionist/ Staff Development team member!

At Beechwood Health & Rehabilitation Center, we are expanding our team of licensed staff and C.N.A.s to continue providing 5-star quality care. Great place to work, 80% of Beechwood staff would recommend Beechwood to their friends and family. Beechwood is committed to growth and excellence. We recruit only the best of the best, if that is you, come join our team of compassionate caregivers.


The Infection preventionist/Staff development position is responsible for monitoring and overseeing all infection control aspects of our family owned and operated facility as well as provide education on an annual and as needed basis. Candidates must have certification as an Infection Preventionist and or must complete upon hire. Some duties include but are not limited to

Daily/Monthly/Annual infection control rounds
Tracking and trending all Outbreaks, and or antibiotic usage, and infectious diseases.
Participation in the Quarterly Medical staff, QAPI, and Safety meetings.
Conduct and lead monthly infection control meetings
Track certifications and licensure for all licensed nursing staff.
Conduct and track all annual education as well as education needed on an as needed basis
Participate and provide all needed information during annual surveys
Monitor and track Vaccination status for residents, staff, volunteers, etc.
Host COVID, and FLU clinics for staff and residents
Assist with care and services on the nursing units as needed
Oncall rotation
The Beechwood Difference.

Top Performer: Consistently ranked as a Top Performer by US News and World Report.
5-Star Quality Care: We pride ourselves on delivering exceptional care.
Home Away from Home: Our facility is designed to be a comfortable, modern, and well-equipped environment for both residents and staff.
Premier Facility: A 60-bed skilled nursing facility offering both short-term and long-term care in New London County.
Experienced Team: Join a community of compassionate caregivers with an average employee tenure of 10 years.
What We Offer:

Enjoyable work environment where you feel supported.
Highest staff to patient ratio in New London
Competitive Wage Structure
Beechwood has been serving the greater New London community for over 50 years. Come see for yourself the difference you can make by joining our family. Contact us today to learn more about these exciting opportunities!

Apply Now and Be Part of the Beechwood difference! an equal opportunity employer.",,snf
Beechwood Post-Acute & Transitional Care,https://www.beechwoodrehab.net/careers,LPN Charge Nurse | Full-Time ,LPN,"3P-11P, 11p-7a",Full-Time,CT,New London,6320,"""At Beechwood Health & Rehabilitation Center, we are expanding our team of licensed staff and C.N.A.s to continue providing 5-star quality care. Great place to work, 80% of Beechwood staff would recommend Beechwood to their friends and family. Beechwood is committed to growth and excellence. We recruit only the best of the best, if that is you, come join our team of compassionate caregivers.

Opportunities Available:

Full Time 11PM - 7AM and oncall every other weekend.
Part-Time 11PM - 7AM RN Supervisor - 16 hrs. - 24 hrs.
Full Time 3PM - 11PM RN/LPN
Part -Time 3PM - 9PM RN/LPN
Part-Time Weekends RN/LPN
The Beechwood Difference.

Top Performer: Consistently ranked as a Top Performer by US News and World Report.
5-Star Quality Care: We pride ourselves on delivering exceptional care.
Home Away from Home: Our facility is designed to be a comfortable, modern, and well-equipped environment for both residents and staff.
Premier Facility: A 60-bed skilled nursing facility offering both short-term and long-term care in New London County.
Experienced Team: Join a community of compassionate caregivers with an average employee tenure of 10 years.
What We Offer:

Enjoyable work environment where you feel supported.
Highest staff to patient ratio in New London
Competitive Wage Structure
RN $43 - $53 hr.
LPN $33 - $37 hr.
Shift Differentials
Beechwood has been serving the greater New London community for over 50 years. Come see for yourself the difference you can make by joining our family. Contact us today to learn more about these exciting opportunities!

Apply Now and Be Part of the Beechwood difference! an equal opportunity employer""",$33-37,snf
Beechwood Post-Acute & Transitional Care,https://www.beechwoodrehab.net/careers,RN Charge Nurse | Full-Time ,RN,"3P-11P, 11p-7a",Full-Time,CT,New London,6320,"At Beechwood Health & Rehabilitation Center, we are expanding our team of licensed staff and C.N.A.s to continue providing 5-star quality care. Great place to work, 80% of Beechwood staff would recommend Beechwood to their friends and family. Beechwood is committed to growth and excellence. We recruit only the best of the best, if that is you, come join our team of compassionate caregivers.

Opportunities Available:

Full Time 11PM - 7AM and oncall every other weekend.
Part-Time 11PM - 7AM RN Supervisor - 16 hrs. - 24 hrs.
Full Time 3PM - 11PM RN/LPN
Part -Time 3PM - 9PM RN/LPN
Part-Time Weekends RN/LPN
The Beechwood Difference.

Top Performer: Consistently ranked as a Top Performer by US News and World Report.
5-Star Quality Care: We pride ourselves on delivering exceptional care.
Home Away from Home: Our facility is designed to be a comfortable, modern, and well-equipped environment for both residents and staff.
Premier Facility: A 60-bed skilled nursing facility offering both short-term and long-term care in New London County.
Experienced Team: Join a community of compassionate caregivers with an average employee tenure of 10 years.
What We Offer:

Enjoyable work environment where you feel supported.
Highest staff to patient ratio in New London
Competitive Wage Structure
RN $43 - $53 hr.
LPN $33 - $37 hr.
Shift Differentials
Beechwood has been serving the greater New London community for over 50 years. Come see for yourself the difference you can make by joining our family. Contact us today to learn more about these exciting opportunities!

Apply Now and Be Part of the Beechwood difference! an equal opportunity employer",$43-53,snf
Beechwood Post-Acute & Transitional Care,https://www.beechwoodrehab.net/careers,RN Supervisor (24 hours or 16 hours),RN,11p-7a,Part-Time ,CT,New London,6320,"At Beechwood Health & Rehabilitation Center, we are expanding our team of licensed staff and C.N.A.s to continue providing 5-star quality care. Great place to work, 80% of Beechwood staff would recommend Beechwood to their friends and family. Beechwood is committed to growth and excellence. We recruit only the best of the best, if that is you, come join our team of compassionate caregivers.

Opportunities Available:

Full Time 11PM - 7AM and oncall every other weekend.
Part-Time 11PM - 7AM RN Supervisor - 16 hrs. - 24 hrs.
Full Time 3PM - 11PM RN/LPN
Part -Time 3PM - 9PM RN/LPN
Part-Time Weekends RN/LPN
The Beechwood Difference.

Top Performer: Consistently ranked as a Top Performer by US News and World Report.
5-Star Quality Care: We pride ourselves on delivering exceptional care.
Home Away from Home: Our facility is designed to be a comfortable, modern, and well-equipped environment for both residents and staff.
Premier Facility: A 60-bed skilled nursing facility offering both short-term and long-term care in New London County.
Experienced Team: Join a community of compassionate caregivers with an average employee tenure of 10 years.
What We Offer:

Enjoyable work environment where you feel supported.
Highest staff to patient ratio in New London
Competitive Wage Structure
RN $43 - $53 hr.
LPN $33 - $37 hr.
Shift Differentials
Beechwood has been serving the greater New London community for over 50 years. Come see for yourself the difference you can make by joining our family. Contact us today to learn more about these exciting opportunities!

Apply Now and Be Part of the Beechwood difference! an equal opportunity employer",$43-53,snf
Beechwood Post-Acute & Transitional Care,https://www.beechwoodrehab.net/careers,LPN Charge Nurse | Part-Time ,LPN,3p-9p,Part-Time ,CT,New London,6320,"At Beechwood Health & Rehabilitation Center, we are expanding our team of licensed staff and C.N.A.s to continue providing 5-star quality care. Great place to work, 80% of Beechwood staff would recommend Beechwood to their friends and family. Beechwood is committed to growth and excellence. We recruit only the best of the best, if that is you, come join our team of compassionate caregivers.

Opportunities Available:

Full Time 11PM - 7AM and oncall every other weekend.
Part-Time 11PM - 7AM RN Supervisor - 16 hrs. - 24 hrs.
Full Time 3PM - 11PM RN/LPN
Part -Time 3PM - 9PM RN/LPN
Part-Time Weekends RN/LPN
The Beechwood Difference.

Top Performer: Consistently ranked as a Top Performer by US News and World Report.
5-Star Quality Care: We pride ourselves on delivering exceptional care.
Home Away from Home: Our facility is designed to be a comfortable, modern, and well-equipped environment for both residents and staff.
Premier Facility: A 60-bed skilled nursing facility offering both short-term and long-term care in New London County.
Experienced Team: Join a community of compassionate caregivers with an average employee tenure of 10 years.
What We Offer:

Enjoyable work environment where you feel supported.
Highest staff to patient ratio in New London
Competitive Wage Structure
RN $43 - $53 hr.
LPN $33 - $37 hr.
Shift Differentials
Beechwood has been serving the greater New London community for over 50 years. Come see for yourself the difference you can make by joining our family. Contact us today to learn more about these exciting opportunities!

Apply Now and Be Part of the Beechwood difference! an equal opportunity employer",$33-37,snf
Beechwood Post-Acute & Transitional Care,https://www.beechwoodrehab.net/careers,RN Charge Nurse | Part-Time ,RN,3p-9p,Part-Time ,CT,New London,6320,"At Beechwood Health & Rehabilitation Center, we are expanding our team of licensed staff and C.N.A.s to continue providing 5-star quality care. Great place to work, 80% of Beechwood staff would recommend Beechwood to their friends and family. Beechwood is committed to growth and excellence. We recruit only the best of the best, if that is you, come join our team of compassionate caregivers.

Opportunities Available:

Full Time 11PM - 7AM and oncall every other weekend.
Part-Time 11PM - 7AM RN Supervisor - 16 hrs. - 24 hrs.
Full Time 3PM - 11PM RN/LPN
Part -Time 3PM - 9PM RN/LPN
Part-Time Weekends RN/LPN
The Beechwood Difference.

Top Performer: Consistently ranked as a Top Performer by US News and World Report.
5-Star Quality Care: We pride ourselves on delivering exceptional care.
Home Away from Home: Our facility is designed to be a comfortable, modern, and well-equipped environment for both residents and staff.
Premier Facility: A 60-bed skilled nursing facility offering both short-term and long-term care in New London County.
Experienced Team: Join a community of compassionate caregivers with an average employee tenure of 10 years.
What We Offer:

Enjoyable work environment where you feel supported.
Highest staff to patient ratio in New London
Competitive Wage Structure
RN $43 - $53 hr.
LPN $33 - $37 hr.
Shift Differentials
Beechwood has been serving the greater New London community for over 50 years. Come see for yourself the difference you can make by joining our family. Contact us today to learn more about these exciting opportunities!

Apply Now and Be Part of the Beechwood difference! an equal opportunity employer",$43-53,snf
Beechwood Post-Acute & Transitional Care,https://www.beechwoodrehab.net/careers,RN Charge Nurse or Supervisor | Part-Time Weekends,RN,,Part-Time ,CT,New London,6320,"Join an All Star Team - Part Time Weekend Warrior Nurses – Earn an Extra $6/hr!

Beechwood in New London is looking for dedicated Weekend Warrior RNs, LPNs and CNAs who want to make a difference while maximizing their earnings! Work weekends and receive an additional $6 per hour on top of your regular pay and shift differentials. If you're a compassionate caregiver looking for a rewarding weekend opportunity in a supportive and professional environment, we want you on our team! Great place to work, 80% of Beechwood staff would recommend Beechwood to their friends and family. Beechwood is committed to growth and excellence. We recruit only the best of the best, if that is you, come join our team of compassionate caregivers. Apply today and take advantage of this great incentive while providing top-quality care to our residents.


Opportunities Available:


8 to 16 hrs. RN Supervisor 11PM - 7AM Weekends
16 hrs. LPN/RN 7PM - 3PM Every Other Weekend


The Beechwood Difference.


Top Performer: Consistently ranked as a Top Performer by US News and World Report.

5-Star Quality Care: We pride ourselves on delivering exceptional care.

Home Away from Home: Our building is designed to be a comfortable, modern, and well-equipped environment for both residents and staff.

Premier Facility: A 60-bed skilled nursing facility offering both short-term and long-term care in New London County.

Experienced Team: Join a community of compassionate caregivers with an average employee tenure of 10 years.

What We Offer:


Enjoyable work environment where you feel supported.

Highest staff to patient ratio in New London

WEEKEND WARRIOR Wage
RN - $49 - $59

LPN - $39 - $43

PLUS weekend shift differentials!

Beechwood has been serving the greater New London community for over 50 years. Come see for yourself the difference you can make by joining our family. Contact us today to learn more about these exciting opportunities!
Apply Now and Be Part of the Beechwood difference!


Requirements include but are not limited to:


Current CT Nursing License",49-59,snf
Beechwood Post-Acute & Transitional Care,https://www.beechwoodrehab.net/careers,LPN Charge Nurse | Part-Time Weekends,LPN,,Part-Time ,CT,New London,6320,"Join an All Star Team - Part Time Weekend Warrior Nurses – Earn an Extra $6/hr!

Beechwood in New London is looking for dedicated Weekend Warrior RNs, LPNs and CNAs who want to make a difference while maximizing their earnings! Work weekends and receive an additional $6 per hour on top of your regular pay and shift differentials. If you're a compassionate caregiver looking for a rewarding weekend opportunity in a supportive and professional environment, we want you on our team! Great place to work, 80% of Beechwood staff would recommend Beechwood to their friends and family. Beechwood is committed to growth and excellence. We recruit only the best of the best, if that is you, come join our team of compassionate caregivers. Apply today and take advantage of this great incentive while providing top-quality care to our residents.


Opportunities Available:


8 to 16 hrs. RN Supervisor 11PM - 7AM Weekends
16 hrs. LPN/RN 7PM - 3PM Every Other Weekend


The Beechwood Difference.


Top Performer: Consistently ranked as a Top Performer by US News and World Report.

5-Star Quality Care: We pride ourselves on delivering exceptional care.

Home Away from Home: Our building is designed to be a comfortable, modern, and well-equipped environment for both residents and staff.

Premier Facility: A 60-bed skilled nursing facility offering both short-term and long-term care in New London County.

Experienced Team: Join a community of compassionate caregivers with an average employee tenure of 10 years.

What We Offer:


Enjoyable work environment where you feel supported.

Highest staff to patient ratio in New London

WEEKEND WARRIOR Wage
RN - $49 - $59

LPN - $39 - $43

PLUS weekend shift differentials!

Beechwood has been serving the greater New London community for over 50 years. Come see for yourself the difference you can make by joining our family. Contact us today to learn more about these exciting opportunities!
Apply Now and Be Part of the Beechwood difference!


Requirements include but are not limited to:


Current CT Nursing License",39-43,snf
Notre Dame Health and Rehabilitation Center,https://ndhrehab.org/careers/,CNA – Certified Nursing Assistant,CNA,,Full-Time and Part-Time,CT,Norwich,6360,"Are you looking to find your shared sense of purpose, tired of poor work-life balance and burnout; want to make a difference each day and form meaningful relations with a Team and Community that supports each other; then look to Notre Dame Health and Rehabilitation Center where we INSPIRE staff to be their BEST and are PASSIONATE about a strong human approach to CULTURE!

Provides direct care to residents living within our Skilled Nursing Facility. Provides daily ADL care and works under the direct supervision of a Nursing Supervisor.
",,snf
Notre Dame Health and Rehabilitation Center,https://ndhrehab.org/careers/,RN Nursing Supervisor,RN Sup,,Full-Time and Part-Time,CT,Norwich,6360,"Are you looking to find your shared sense of purpose, tired of poor work-life balance and burnout; want to make a difference each day and form meaningful relations with a Team and Community that supports each other; then look to Notre Dame Health and Rehabilitation Center where we INSPIRE staff to be their BEST and are PASSIONATE about a strong human approach to CULTURE!

The Registered Nurse Supervisor applying should have at least 1-5 years RN supervisory experience in the Skilled Nursing industry. The candidate must be able to manage others well and work independently. Critical thinking with emphasis on root cause analysis is a must.",,snf
Orange Health Care Center,https://smartapply.indeed.com/beta/indeedapply/form/contact-info-module,Registered Nurse Supervisor (Every Weekend),RN Sup,10a-6p,Part-Time,CT,Orange,6477,"We are a friendly, small 60 bed 5 star SNF currently seeking dynamic, dedicated and compassionate RN Supervisor For the following :

Every Saturday and Sunday 10am-6pm

Duties include but not limited to:

Admissions and Discharges as needed

Supervision

Assistance with visitor and family concerns

Resident assessments

CT-licensed RN In Good standing, along with Supervisors and Skilled Nursing /Long term care experience

Since 1947, Orange Health Care Center has set the standard for quality long-term care. Celebrating 77 years of service to our communities.

Please send resume to Mroggerman@orange-healthcare.com or call 203-795-0835

Job Type: Part-time

Benefits:

401(k)
Dental insurance
Health insurance
Life insurance
Paid time off
Vision insurance
Schedule:

8 hour shift
Day shift
Every weekend
Experience:

Nursing supervisor: 1 year (Preferred)
License/Certification:

BLS Certification (Preferred)
RN License (Preferred)
Work Location: In person",,snf
Orange Health Care Center,https://smartapply.indeed.com/beta/indeedapply/postresumeapply,LPN (Every OTHER Weekend),LPN,3p-11p,Part-Time,CT,Orange,6477,"We are a friendly, small 60 bed 5 star SNF currently seeking dynamic, dedicated and compassionate LPN For the following positions:

3pm-11pm every other weekend

CT-licensed LPN In Good standing, along with Skilled Nursing /Long term care experience

Since 1947, Orange Health Care Center has set the standard for quality long-term care. Celebrating 77 years of service to our communities.

Please send resume to Mroggeman@orange-healthcare.com or call 203-795-0835

Job Type: Part-time

Benefits:

401(k)
Dental insurance
Health insurance
Life insurance
Paid time off
Vision insurance
Medical Specialty:

Geriatrics
Physical Setting:

Long term care
Nursing home
Supplemental Pay:

Differential pay
Experience:

Nursing: 1 year (Preferred)
License/Certification:

LPN (Required)
Work Location: In person",,snf
Saint Joseph's Living Center,https://smartapply.indeed.com/beta/indeedapply/postresumeapply,"Licensed Practical Nurse (LPN) | All Shifts | Full-Time, Part-Time & Perdiem",LPN,All Shifts,"Full-Time, Part-Time, Perdiem",CT,Windham,6280,"We proudly offer a $4,000 sign-on bonus paid out over 6 months for new applicants (24 hours or more per week)!

Join our dynamic team at St. Joseph Living Center in Windham as a Licensed Practical Nurse (LPN) and play a vital role in providing top-notch care to our residents. As an LPN, you will have the opportunity to showcase your nursing skills in a supportive and collaborative environment dedicated to excellence in healthcare. Whether you're seeking full-time, part-time, or per-diem opportunities, we have a place for you to thrive and grow in your career.

With competitive pay ranging from $32-35 per hour plus differentials, this position offers a rewarding opportunity to make a real difference in the lives of our residents. Come be a part of our team and make a positive impact on those we care for every day. You will be provided great benefits such as Medical, Dental, Vision, Life Insurance, Competitive Salary, Paid Time Off, Employee Discounts, $4,000 Sign on Bonus, shift differentials, retirement plans, and No On-Call rotation.

WHO ARE WE? AN INTRODUCTION
Saint Joseph Living Center (SJLC) was established in 1988 and is situated on 9 scenic acres in Windham, CT. Sponsored by the Diocese of Norwich, our facility offers short-term rehabilitation, skilled nursing, and end-of-life care. We are a Catholic faith-based community, but we welcome residents of all religious backgrounds. Our suburban setting provides privacy, relaxation, and accessibility, with ample parking. The center features both indoor and outdoor amenities, including a beautiful chapel with daily mass at 11:00 am, an enclosed courtyard with gardens, and a Koi Pond

WHAT'S YOUR DAY LIKE?
As an LPN at St. Joseph Living Center in Windham, you can expect to provide compassionate care to our elderly residents on a daily basis. Your responsibilities will include administering medication, updating patient records, and collaborating with the multidisciplinary team to ensure the highest quality of care. New LPNs can anticipate working various shifts, including 7 a.m. to 3 p.m., 3 p.m. to 11 p.m., or 11 p.m. to 7 a.m. These shifts offer flexibility while still providing a structured schedule to meet the needs of our residents and maintain a high standard of care.

Join our team and make a difference in the lives of those we serve.

WHAT WE'RE LOOKING FOR IN A LICENSED PRACTICAL NURSE (LPN)
To excel in the role of an LPN at St. Joseph Living Center in Windham, candidates must possess a valid CT LPN license and demonstrate proficiency in utilizing healthcare software and tools to accurately document patient care. Strong communication skills, attention to detail, and the ability to work effectively within a team are essential for providing top-quality care to our residents. LPNs should also exhibit empathy, problem-solving abilities, and a customer-centric mindset to ensure the well-being and comfort of those under their care.

Join our team of dedicated healthcare professionals and contribute your skills to make a positive impact in the lives of our residents.

Knowledge and skills required for the position are:

CT LPN License
READY TO JOIN OUR TEAM?
If you think this job aligns with your requirements, then submitting an application is simple. Good luck!",32-35,snf
Saint Joseph's Living Center,https://smartapply.indeed.com/beta/indeedapply/postresumeapply,RN Free Float Supervisor,RN Sup,7a-3p,Part-Time,CT,Windham,6280,"We proudly offer a $4,000 sign-on bonus paid out over 6 months for new applicants (24hours or more per week)!

Join St. Joseph Living Center is looking for a Part-Time RN Free Float Supervisor to be part of a dynamic team dedicated to providing top-notch care to our residents in Windham. You will have the opportunity to showcase your leadership skills while overseeing and supporting our nursing staff in delivering exceptional care to our elderly residents.

This onsite position offers a competitive salary in line with industry standards, reflecting your valuable expertise in the healthcare field. As an RN Free Float Supervisor at St. Joes, you will have the chance to make a real difference in the lives of our residents while working in a supportive and professional environment.

You can enjoy great benefits such as Medical, Dental, Vision, Life Insurance, Competitive Salary, Paid Time Off, Employee Discounts, $4,000 Sign on Bonus, and shift differentials. Apply now to be a part of our team!

LET US INTRODUCE OURSELVES
Saint Joseph Living Center (SJLC) was established in 1988 and is situated on 9 scenic acres in Windham, CT. Sponsored by the Diocese of Norwich, our facility offers short-term rehabilitation, skilled nursing, and end-of-life care. We are a Catholic faith-based community, but we welcome residents of all religious backgrounds. Our suburban setting provides privacy, relaxation, and accessibility, with ample parking. The center features both indoor and outdoor amenities, including a beautiful chapel with daily mass at 11:00 am, an enclosed courtyard with gardens, and a Koi Pond

WHAT WOULD YOU DO AS A RN FREE FLOAT SUPERVISOR
As an RN Free Float Supervisor at St. Joseph Living Center in Windham, you will play a crucial role in ensuring smooth operations within our facility. Your day-to-day responsibilities will include supervising and guiding the nursing staff, coordinating resident care plans, and addressing any issues that may arise during your shift. You can expect to work part-time, 7am-3pm.

Your focus will be on supporting the nursing team, interacting with residents, and upholding the excellence and integrity that define our organization. Join us at St. Joes and make a difference in the lives of our residents through your dedication and expertise.

WHAT MATTERS MOST
To excel as an RN Free Float Supervisor at St. Joseph Living Center in Windham, you will need a valid CT RN License, showcasing your qualifications to provide top-tier care to our residents. Proficiency in utilizing various software and tools to manage resident care plans and oversee nursing staff is essential for success in this role.

Strong leadership, communication, and problem-solving skills are key to effectively coordinate and support the team in delivering exceptional care. A compassionate and empathetic approach towards residents and families, coupled with a customer-centric mindset, will enable you to thrive in our healthcare environment. Bring your skills and expertise to St.

Joes and contribute to our commitment to excellence and safety in caring for our residents.

Knowledge and skills required for the position are:

CT RN License
READY TO JOIN OUR TEAM?
We're looking for talented individuals like you to join our team and help us achieve our goals. If you're passionate, driven, and committed to making a difference, we want to hear from you! Don't wait - apply now and take the first step towards a fulfilling career with endless possibilities. Let's work together to make great things happen!",42-46,snf
Westview Health Care Center,https://westviewhcc.com/media/Westview_Employment_Application_form.pdf,Laundry Attendant,,2nd,Full-Time,CT,Dayville,6241,"Westview Health Care Center of Dayville, CT is a nationally ranked and five-star rated facility. We currently have an opening in our Support Services Department for a Full-Time, 2nd Shift Laundry Attendant.

This job position will perform Laundry duties in accordance with current federal, state and local standards, guidelines and regulations governing this facility, and as may be directed by the Director of Support Services, to assure that the facility is maintained in a clean, safe and comfortable manner.

A qualified candidate must possess, as a minimum, a ninth grade education or its equivalent.

Westview believes in rewards and the recognition and here are some of the exciting offerings you have to look forward to talking with us about:

Five Star Facility
Exceptional Wage and Benefit Package
NEW On-Site Child Care Center!! (with employee discount)
401(k) Program (with facility match)
Regular Employee Appreciation Events
Highest Staffed Facility in Windham County
Please send your resume or call us today at (860) 774-8574, ext. 119 for further information regarding employment at Westview Health Care Center.

Job Type: Full-time

Benefits:

401(k)
401(k) matching
Dental insurance
Flexible spending account
Health insurance
Life insurance
Paid time off
Vision insurance
Schedule:

8 hour shift
Evening shift
Work Location: In person",,snf
Westview Health Care Center,https://westviewhcc.com/media/Westview_Employment_Application_form.pdf,Housekeeper,,,Full-Time,CT,Dayville,6241,"Westview Health Care Center of Dayville, CT is a nationally ranked and five-star rated facility. We currently have an opening in our Support Services Department for a Housekeeper.

This job position will perform Laundry duties in accordance with current federal, state and local standards, guidelines and regulations governing this facility, and as may be directed by the Director of Support Services, to assure that the facility is maintained in a clean, safe and comfortable manner.

A qualified candidate must possess, as a minimum, a ninth grade education or its equivalent.

Westview believes in rewards and the recognition and here are some of the exciting offerings you have to look forward to talking with us about:

Five Star Facility
Exceptional Wage and Benefit Package
NEW On-Site Child Care Center!! (with employee discount)
401(k) Program (with facility match)
Regular Employee Appreciation Events
Highest Staffed Facility in Windham County
Please send your resume or call us today at (860) 774-8574, ext. 119 for further information regarding employment at Westview Health Care Center.

Job Type: Full-time

Benefits:

401(k)
401(k) matching
Dental insurance
Flexible spending account
Health insurance
Life insurance
Paid time off
Vision insurance
Schedule:

8 hour shift
Evening shift
Work Location: In person",,snf
Whispering Pines Rehabilitation and Nursing Center,https://wprnc.com/careers/,"CNAs All Shifts- Full-time/ Part-time CNAs
",CNA,All Shifts,"Full-Time, Part-Time",CT,East Haven,6512,"Overview
We are seeking a compassionate and dedicated Nursing Assistant to join our healthcare team. The ideal candidate will provide essential support to patients in various healthcare settings, including long-term care facilities, hospitals, and hospice care. This role is crucial in ensuring that patients receive high-quality care and assistance with daily living activities while maintaining their dignity and comfort.

Performs basic care including but not limited to daily bathing, grooming, dental care, bowel and bladder functions, dressing, walking and wheelchair use, positioning in and out of bed.

Assists in the resident activities of daily living which includes assisting with meals and nourishments, transferring using proper body mechanics and appropriate assistive devices, ambulation, bathing and dressing. Provides nursing functions as directed including perineal care, making beds, turning residents, measures and records temperature, weight, pulse and respiration.

Observes and reports to supervisor changes in residents’ condition, including any skin breakdowns. Reports immediately all accidents or injuries. Records all necessary charting entries. Answers all call lights regardless of assignment. Responds to emergency situations calmly and efficiently.

Join our team as a Nursing Assistant where your skills will make a significant impact on the lives of our patients. Your dedication will help provide essential support during their healthcare journey.

Job Types: Full-time, Part-time",,snf
Whispering Pines Rehabilitation and Nursing Center,https://wprnc.com/careers/,RN MDS Coordinator,RN,,Full-Time,CT,East Haven,6512,"MDS Coordinator job duties include the assessment, monitoring, and documentation of patient care in a rehab and long-term care facility. You collect information and data and use it to create reports on resident health care at the facility.

MDS Coordinator must have knowledge of current state, federal, and CMS regulations, and be able to relate professionally, positively, and cooperatively with staff, residents and family members.

A bachelor's degree in Nursing along with a valid state nursing license is required. Successful MDS coordinators possess strong organizational and communication skills.",,snf